SET NOCOUNT ON;
IF DB_ID(N'PTUD') IS NULL CREATE DATABASE [PTUD];
USE [PTUD];
GO

IF OBJECT_ID('dbo.Exercises','U') IS NOT NULL DROP TABLE dbo.Exercises;
IF OBJECT_ID('dbo.Forms','U') IS NOT NULL DROP TABLE dbo.Forms;
IF OBJECT_ID('dbo.Subjects','U') IS NOT NULL DROP TABLE dbo.Subjects;


CREATE TABLE dbo.Subjects (
  subject_id NVARCHAR(100) PRIMARY KEY,
  subject_name NVARCHAR(255),
  description NVARCHAR(MAX),
  total_exercises INT
);

CREATE TABLE dbo.Forms (
  form_id NVARCHAR(100),
  subject_id NVARCHAR(100) REFERENCES dbo.Subjects(subject_id),
  name NVARCHAR(255),
  difficulty NVARCHAR(50),
  exercise_count INT,
  PRIMARY KEY (subject_id, form_id)
);

CREATE TABLE dbo.Exercises (
  id NVARCHAR(200) PRIMARY KEY,
  subject_id NVARCHAR(100) REFERENCES dbo.Subjects(subject_id),
  form_id NVARCHAR(100),
  title NVARCHAR(400),
  difficulty NVARCHAR(50),
  description NVARCHAR(MAX),
  requirements NVARCHAR(MAX),
  grading_criteria NVARCHAR(MAX),
  attached_files NVARCHAR(MAX),
  submission_format NVARCHAR(200),
  example_input NVARCHAR(MAX),
  example_output NVARCHAR(MAX),
  grading_total INT,
  grading_summary NVARCHAR(MAX)
);

GO

INSERT INTO dbo.Subjects (subject_id, subject_name, description, total_exercises) VALUES (N'CS101', N'Nhập môn Lập trình', N'Giới thiệu các khái niệm cơ bản của lập trình: biến, điều khiển luồng, hàm và cấu trúc dữ liệu đơn giản. Phù hợp cho người mới bắt đầu.', 30);
INSERT INTO dbo.Forms (form_id, subject_id, name, difficulty, exercise_count) VALUES (N'1', N'CS101', N'Cơ bản', N'Dễ', 10);
INSERT INTO dbo.Exercises (id, subject_id, form_id, title, difficulty, description, requirements, grading_criteria, attached_files, submission_format, example_input, example_output, grading_total, grading_summary) VALUES (N'CS202-3-1', N'CS101', N'1', N'[Khó] Bài 1: Thiết kế hệ thống quản lý sinh viên sử dụng OOP', N'Dễ', N'Viết chương trình thiết kế hệ thống quản lý sinh viên gồm các lớp: SinhVien, LopHoc, QuanLySinhVien, hỗ trợ các chức năng thêm, sửa, xóa, tìm kiếm sinh viên.', N'["Định nghĩa đầy đủ các lớp và mối quan hệ kế thừa, đa hình.","Cài đặt các chức năng thêm, sửa, xóa, tìm kiếm sinh viên.","Kiểm tra dữ liệu đầu vào hợp lệ.","Chú thích mã nguồn rõ ràng."]', N'[{"name":"Core correctness (logic)","points":10,"note":"Đúng và đầy đủ yêu cầu đề bài"},{"name":"Input validation & error handling","points":3,"note":"Xử lý các trường hợp vào ra phức tạp"},{"name":"Edge cases & robustness","points":2,"note":"Các trường hợp biên phức tạp"},{"name":"Design & architecture (modularity)","points":3,"note":"Thiết kế mô-đun, nguyên lý tốt"},{"name":"Code quality & documentation","points":2,"note":"Đặt tên, cấu trúc, tài liệu tốt"}]', N'[]', N'*.cpp hoặc *.py', N'', N'', 20, N'Core correctness (logic): | Input validation & error handling: | Edge cases & robustness: | Design & architecture (modularity): | Code quality & documentation:');
INSERT INTO dbo.Exercises (id, subject_id, form_id, title, difficulty, description, requirements, grading_criteria, attached_files, submission_format, example_input, example_output, grading_total, grading_summary) VALUES (N'CS202-3-2', N'CS101', N'1', N'[Khó] Bài 2: Thiết kế hệ thống quản lý thư viện sử dụng OOP', N'Dễ', N'Viết chương trình thiết kế hệ thống quản lý thư viện gồm các lớp: Sach, DocGia, QuanLyThuVien, hỗ trợ các chức năng thêm, sửa, xóa, tìm kiếm sách.', N'["Định nghĩa đầy đủ các lớp và mối quan hệ kế thừa, đa hình.","Cài đặt các chức năng thêm, sửa, xóa, tìm kiếm sách.","Kiểm tra dữ liệu đầu vào hợp lệ.","Chú thích mã nguồn rõ ràng."]', N'[{"name":"Core correctness (logic)","points":10,"note":"Đúng và đầy đủ yêu cầu đề bài"},{"name":"Input validation & error handling","points":3,"note":"Xử lý các trường hợp vào ra phức tạp"},{"name":"Edge cases & robustness","points":2,"note":"Các trường hợp biên phức tạp"},{"name":"Design & architecture (modularity)","points":3,"note":"Thiết kế mô-đun, nguyên lý tốt"},{"name":"Code quality & documentation","points":2,"note":"Đặt tên, cấu trúc, tài liệu tốt"}]', N'[]', N'*.cpp hoặc *.py', N'', N'', 20, N'Core correctness (logic): | Input validation & error handling: | Edge cases & robustness: | Design & architecture (modularity): | Code quality & documentation:');
INSERT INTO dbo.Exercises (id, subject_id, form_id, title, difficulty, description, requirements, grading_criteria, attached_files, submission_format, example_input, example_output, grading_total, grading_summary) VALUES (N'CS202-3-3', N'CS101', N'1', N'[Khó] Bài 3: Thiết kế hệ thống quản lý nhân sự sử dụng OOP', N'Dễ', N'Viết chương trình thiết kế hệ thống quản lý nhân sự gồm các lớp: NhanVien, PhongBan, QuanLyNhanSu, hỗ trợ các chức năng thêm, sửa, xóa, tìm kiếm nhân viên.', N'["Định nghĩa đầy đủ các lớp và mối quan hệ kế thừa, đa hình.","Cài đặt các chức năng thêm, sửa, xóa, tìm kiếm nhân viên.","Kiểm tra dữ liệu đầu vào hợp lệ.","Chú thích mã nguồn rõ ràng."]', N'[{"name":"Core correctness (logic)","points":10,"note":"Đúng và đầy đủ yêu cầu đề bài"},{"name":"Input validation & error handling","points":3,"note":"Xử lý các trường hợp vào ra phức tạp"},{"name":"Edge cases & robustness","points":2,"note":"Các trường hợp biên phức tạp"},{"name":"Design & architecture (modularity)","points":3,"note":"Thiết kế mô-đun, nguyên lý tốt"},{"name":"Code quality & documentation","points":2,"note":"Đặt tên, cấu trúc, tài liệu tốt"}]', N'[]', N'*.cpp hoặc *.py', N'', N'', 20, N'Core correctness (logic): | Input validation & error handling: | Edge cases & robustness: | Design & architecture (modularity): | Code quality & documentation:');
INSERT INTO dbo.Exercises (id, subject_id, form_id, title, difficulty, description, requirements, grading_criteria, attached_files, submission_format, example_input, example_output, grading_total, grading_summary) VALUES (N'CS202-3-4', N'CS101', N'1', N'[Khó] Bài 4: Thiết kế hệ thống quản lý phương tiện giao thông sử dụng OOP', N'Dễ', N'Viết chương trình thiết kế hệ thống quản lý phương tiện giao thông gồm các lớp: Xe, QuanLyXe, hỗ trợ các chức năng thêm, sửa, xóa, tìm kiếm xe.', N'["Định nghĩa đầy đủ các lớp và mối quan hệ kế thừa, đa hình.","Cài đặt các chức năng thêm, sửa, xóa, tìm kiếm xe.","Kiểm tra dữ liệu đầu vào hợp lệ.","Chú thích mã nguồn rõ ràng."]', N'[{"name":"Core correctness (logic)","points":10,"note":"Đúng và đầy đủ yêu cầu đề bài"},{"name":"Input validation & error handling","points":3,"note":"Xử lý các trường hợp vào ra phức tạp"},{"name":"Edge cases & robustness","points":2,"note":"Các trường hợp biên phức tạp"},{"name":"Design & architecture (modularity)","points":3,"note":"Thiết kế mô-đun, nguyên lý tốt"},{"name":"Code quality & documentation","points":2,"note":"Đặt tên, cấu trúc, tài liệu tốt"}]', N'[]', N'*.cpp hoặc *.py', N'', N'', 20, N'Core correctness (logic): | Input validation & error handling: | Edge cases & robustness: | Design & architecture (modularity): | Code quality & documentation:');
INSERT INTO dbo.Exercises (id, subject_id, form_id, title, difficulty, description, requirements, grading_criteria, attached_files, submission_format, example_input, example_output, grading_total, grading_summary) VALUES (N'CS202-3-5', N'CS101', N'1', N'[Khó] Bài 5: Thiết kế hệ thống quản lý tài khoản ngân hàng sử dụng OOP', N'Dễ', N'Viết chương trình thiết kế hệ thống quản lý tài khoản ngân hàng gồm các lớp: TaiKhoan, KhachHang, QuanLyTaiKhoan, hỗ trợ các chức năng thêm, sửa, xóa, tìm kiếm tài khoản.', N'["Định nghĩa đầy đủ các lớp và mối quan hệ kế thừa, đa hình.","Cài đặt các chức năng thêm, sửa, xóa, tìm kiếm tài khoản.","Kiểm tra dữ liệu đầu vào hợp lệ.","Chú thích mã nguồn rõ ràng."]', N'[{"name":"Core correctness (logic)","points":10,"note":"Đúng và đầy đủ yêu cầu đề bài"},{"name":"Input validation & error handling","points":3,"note":"Xử lý các trường hợp vào ra phức tạp"},{"name":"Edge cases & robustness","points":2,"note":"Các trường hợp biên phức tạp"},{"name":"Design & architecture (modularity)","points":3,"note":"Thiết kế mô-đun, nguyên lý tốt"},{"name":"Code quality & documentation","points":2,"note":"Đặt tên, cấu trúc, tài liệu tốt"}]', N'[]', N'*.cpp hoặc *.py', N'', N'', 20, N'Core correctness (logic): | Input validation & error handling: | Edge cases & robustness: | Design & architecture (modularity): | Code quality & documentation:');
INSERT INTO dbo.Exercises (id, subject_id, form_id, title, difficulty, description, requirements, grading_criteria, attached_files, submission_format, example_input, example_output, grading_total, grading_summary) VALUES (N'CS202-3-6', N'CS101', N'1', N'[Khó] Bài 6: Thiết kế hệ thống quản lý máy tính sử dụng OOP', N'Dễ', N'Viết chương trình thiết kế hệ thống quản lý máy tính gồm các lớp: MayTinh, LinhKien, QuanLyMayTinh, hỗ trợ các chức năng thêm, sửa, xóa, tìm kiếm máy tính.', N'["Định nghĩa đầy đủ các lớp và mối quan hệ kế thừa, đa hình.","Cài đặt các chức năng thêm, sửa, xóa, tìm kiếm máy tính.","Kiểm tra dữ liệu đầu vào hợp lệ.","Chú thích mã nguồn rõ ràng."]', N'[{"name":"Core correctness (logic)","points":10,"note":"Đúng và đầy đủ yêu cầu đề bài"},{"name":"Input validation & error handling","points":3,"note":"Xử lý các trường hợp vào ra phức tạp"},{"name":"Edge cases & robustness","points":2,"note":"Các trường hợp biên phức tạp"},{"name":"Design & architecture (modularity)","points":3,"note":"Thiết kế mô-đun, nguyên lý tốt"},{"name":"Code quality & documentation","points":2,"note":"Đặt tên, cấu trúc, tài liệu tốt"}]', N'[]', N'*.cpp hoặc *.py', N'', N'', 20, N'Core correctness (logic): | Input validation & error handling: | Edge cases & robustness: | Design & architecture (modularity): | Code quality & documentation:');
INSERT INTO dbo.Exercises (id, subject_id, form_id, title, difficulty, description, requirements, grading_criteria, attached_files, submission_format, example_input, example_output, grading_total, grading_summary) VALUES (N'CS202-3-7', N'CS101', N'1', N'[Khó] Bài 7: Thiết kế hệ thống quản lý hình học sử dụng OOP', N'Dễ', N'Viết chương trình thiết kế hệ thống quản lý hình học gồm các lớp: HinhHoc, HinhChuNhat, HinhTron, QuanLyHinhHoc, hỗ trợ các chức năng thêm, sửa, xóa, tìm kiếm hình học.', N'["Định nghĩa đầy đủ các lớp và mối quan hệ kế thừa, đa hình.","Cài đặt các chức năng thêm, sửa, xóa, tìm kiếm hình học.","Kiểm tra dữ liệu đầu vào hợp lệ.","Chú thích mã nguồn rõ ràng."]', N'[{"name":"Core correctness (logic)","points":10,"note":"Đúng và đầy đủ yêu cầu đề bài"},{"name":"Input validation & error handling","points":3,"note":"Xử lý các trường hợp vào ra phức tạp"},{"name":"Edge cases & robustness","points":2,"note":"Các trường hợp biên phức tạp"},{"name":"Design & architecture (modularity)","points":3,"note":"Thiết kế mô-đun, nguyên lý tốt"},{"name":"Code quality & documentation","points":2,"note":"Đặt tên, cấu trúc, tài liệu tốt"}]', N'[]', N'*.cpp hoặc *.py', N'', N'', 20, N'Core correctness (logic): | Input validation & error handling: | Edge cases & robustness: | Design & architecture (modularity): | Code quality & documentation:');
INSERT INTO dbo.Exercises (id, subject_id, form_id, title, difficulty, description, requirements, grading_criteria, attached_files, submission_format, example_input, example_output, grading_total, grading_summary) VALUES (N'CS202-3-8', N'CS101', N'1', N'[Khó] Bài 8: Thiết kế hệ thống quản lý phân số sử dụng OOP', N'Dễ', N'Viết chương trình thiết kế hệ thống quản lý phân số gồm các lớp: PhanSo, QuanLyPhanSo, hỗ trợ các chức năng thêm, sửa, xóa, rút gọn phân số.', N'["Định nghĩa đầy đủ các lớp và mối quan hệ kế thừa, đa hình.","Cài đặt các chức năng thêm, sửa, xóa, rút gọn phân số.","Kiểm tra dữ liệu đầu vào hợp lệ.","Chú thích mã nguồn rõ ràng."]', N'[{"name":"Core correctness (logic)","points":10,"note":"Đúng và đầy đủ yêu cầu đề bài"},{"name":"Input validation & error handling","points":3,"note":"Xử lý các trường hợp vào ra phức tạp"},{"name":"Edge cases & robustness","points":2,"note":"Các trường hợp biên phức tạp"},{"name":"Design & architecture (modularity)","points":3,"note":"Thiết kế mô-đun, nguyên lý tốt"},{"name":"Code quality & documentation","points":2,"note":"Đặt tên, cấu trúc, tài liệu tốt"}]', N'[]', N'*.cpp hoặc *.py', N'', N'', 20, N'Core correctness (logic): | Input validation & error handling: | Edge cases & robustness: | Design & architecture (modularity): | Code quality & documentation:');
INSERT INTO dbo.Exercises (id, subject_id, form_id, title, difficulty, description, requirements, grading_criteria, attached_files, submission_format, example_input, example_output, grading_total, grading_summary) VALUES (N'CS202-3-9', N'CS101', N'1', N'[Khó] Bài 9: Thiết kế hệ thống quản lý điểm sử dụng OOP', N'Dễ', N'Viết chương trình thiết kế hệ thống quản lý điểm gồm các lớp: Diem, QuanLyDiem, hỗ trợ các chức năng thêm, sửa, xóa, kiểm tra điểm hợp lệ.', N'["Định nghĩa đầy đủ các lớp và mối quan hệ kế thừa, đa hình.","Cài đặt các chức năng thêm, sửa, xóa, kiểm tra điểm hợp lệ.","Kiểm tra dữ liệu đầu vào hợp lệ.","Chú thích mã nguồn rõ ràng."]', N'[{"name":"Core correctness (logic)","points":10,"note":"Đúng và đầy đủ yêu cầu đề bài"},{"name":"Input validation & error handling","points":3,"note":"Xử lý các trường hợp vào ra phức tạp"},{"name":"Edge cases & robustness","points":2,"note":"Các trường hợp biên phức tạp"},{"name":"Design & architecture (modularity)","points":3,"note":"Thiết kế mô-đun, nguyên lý tốt"},{"name":"Code quality & documentation","points":2,"note":"Đặt tên, cấu trúc, tài liệu tốt"}]', N'[]', N'*.cpp hoặc *.py', N'', N'', 20, N'Core correctness (logic): | Input validation & error handling: | Edge cases & robustness: | Design & architecture (modularity): | Code quality & documentation:');
INSERT INTO dbo.Exercises (id, subject_id, form_id, title, difficulty, description, requirements, grading_criteria, attached_files, submission_format, example_input, example_output, grading_total, grading_summary) VALUES (N'CS202-3-10', N'CS101', N'1', N'[Khó] Bài 10: Thiết kế hệ thống quản lý tài sản sử dụng OOP', N'Dễ', N'Viết chương trình thiết kế hệ thống quản lý tài sản gồm các lớp: TaiSan, QuanLyTaiSan, hỗ trợ các chức năng thêm, sửa, xóa, kiểm tra tài sản hợp lệ.', N'["Định nghĩa đầy đủ các lớp và mối quan hệ kế thừa, đa hình.","Cài đặt các chức năng thêm, sửa, xóa, kiểm tra tài sản hợp lệ.","Kiểm tra dữ liệu đầu vào hợp lệ.","Chú thích mã nguồn rõ ràng."]', N'[{"name":"Core correctness (logic)","points":10,"note":"Đúng và đầy đủ yêu cầu đề bài"},{"name":"Input validation & error handling","points":3,"note":"Xử lý các trường hợp vào ra phức tạp"},{"name":"Edge cases & robustness","points":2,"note":"Các trường hợp biên phức tạp"},{"name":"Design & architecture (modularity)","points":3,"note":"Thiết kế mô-đun, nguyên lý tốt"},{"name":"Code quality & documentation","points":2,"note":"Đặt tên, cấu trúc, tài liệu tốt"}]', N'[]', N'*.cpp hoặc *.py', N'', N'', 20, N'Core correctness (logic): | Input validation & error handling: | Edge cases & robustness: | Design & architecture (modularity): | Code quality & documentation:');
INSERT INTO dbo.Forms (form_id, subject_id, name, difficulty, exercise_count) VALUES (N'2', N'CS101', N'Ứng dụng', N'Trung bình', 12);
INSERT INTO dbo.Exercises (id, subject_id, form_id, title, difficulty, description, requirements, grading_criteria, attached_files, submission_format, example_input, example_output, grading_total, grading_summary) VALUES (N'CS101-1-1', N'CS101', N'2', N'[Dễ] Bài 1: In ra dòng chữ ''Hello World''', N'Trung bình', N'Viết chương trình in ra dòng chữ ''Hello World'' trên màn hình.', N'["Chương trình biên dịch và chạy không lỗi.","Kết quả hiển thị đúng: Hello World.","Không sử dụng bất kỳ thư viện ngoài nào.","Chú thích mã nguồn rõ ràng."]', N'[{"name":"Core correctness (logic)","points":6,"note":"Đầu ra và hành vi đúng theo yêu cầu"},{"name":"Input validation","points":2,"note":"Kiểm tra dữ liệu đầu vào hợp lệ"},{"name":"Edge cases","points":1,"note":"Các trường hợp biên đơn giản"},{"name":"Code clarity & comments","points":1,"note":"Mã sạch, có chú thích"}]', N'[]', N'*.c hoặc *.cpp hoặc *.py', N'', N'', 10, N'Core correctness (logic): | Input validation: | Edge cases: | Code clarity & comments:');
INSERT INTO dbo.Exercises (id, subject_id, form_id, title, difficulty, description, requirements, grading_criteria, attached_files, submission_format, example_input, example_output, grading_total, grading_summary) VALUES (N'CS101-1-2', N'CS101', N'2', N'[Dễ] Bài 2: Tính tổng hai số nguyên', N'Trung bình', N'Viết chương trình nhập vào hai số nguyên từ bàn phím và in ra tổng của chúng.', N'["Nhập hai số nguyên từ bàn phím.","Tính tổng và hiển thị kết quả.","Kiểm tra dữ liệu đầu vào hợp lệ.","Chú thích mã nguồn rõ ràng."]', N'[{"name":"Core correctness (logic)","points":6,"note":"Đầu ra và hành vi đúng theo yêu cầu"},{"name":"Input validation","points":2,"note":"Kiểm tra dữ liệu đầu vào hợp lệ"},{"name":"Edge cases","points":1,"note":"Các trường hợp biên đơn giản"},{"name":"Code clarity & comments","points":1,"note":"Mã sạch, có chú thích"}]', N'[]', N'*.c hoặc *.cpp hoặc *.py', N'', N'', 10, N'Core correctness (logic): | Input validation: | Edge cases: | Code clarity & comments:');
INSERT INTO dbo.Exercises (id, subject_id, form_id, title, difficulty, description, requirements, grading_criteria, attached_files, submission_format, example_input, example_output, grading_total, grading_summary) VALUES (N'CS101-1-3', N'CS101', N'2', N'[Dễ] Bài 3: Tìm số lớn nhất trong ba số', N'Trung bình', N'Viết chương trình nhập vào ba số nguyên và tìm số lớn nhất trong ba số đó.', N'["Nhập ba số nguyên từ bàn phím.","So sánh và tìm số lớn nhất.","Hiển thị kết quả rõ ràng.","Chú thích mã nguồn rõ ràng."]', N'[{"name":"Core correctness (logic)","points":6,"note":"Đầu ra và hành vi đúng theo yêu cầu"},{"name":"Input validation","points":2,"note":"Kiểm tra dữ liệu đầu vào hợp lệ"},{"name":"Edge cases","points":1,"note":"Các trường hợp biên đơn giản"},{"name":"Code clarity & comments","points":1,"note":"Mã sạch, có chú thích"}]', N'[]', N'*.c hoặc *.cpp hoặc *.py', N'', N'', 10, N'Core correctness (logic): | Input validation: | Edge cases: | Code clarity & comments:');
INSERT INTO dbo.Exercises (id, subject_id, form_id, title, difficulty, description, requirements, grading_criteria, attached_files, submission_format, example_input, example_output, grading_total, grading_summary) VALUES (N'CS101-1-4', N'CS101', N'2', N'[Dễ] Bài 4: Kiểm tra số chẵn lẻ', N'Trung bình', N'Viết chương trình kiểm tra một số nguyên nhập vào là chẵn hay lẻ.', N'["Nhập một số nguyên từ bàn phím.","Kiểm tra và hiển thị kết quả là chẵn hay lẻ.","Chú thích mã nguồn rõ ràng.","Kiểm tra dữ liệu đầu vào hợp lệ."]', N'[{"name":"Core correctness (logic)","points":6,"note":"Đầu ra và hành vi đúng theo yêu cầu"},{"name":"Input validation","points":2,"note":"Kiểm tra dữ liệu đầu vào hợp lệ"},{"name":"Edge cases","points":1,"note":"Các trường hợp biên đơn giản"},{"name":"Code clarity & comments","points":1,"note":"Mã sạch, có chú thích"}]', N'[]', N'*.c hoặc *.cpp hoặc *.py', N'', N'', 10, N'Core correctness (logic): | Input validation: | Edge cases: | Code clarity & comments:');
INSERT INTO dbo.Exercises (id, subject_id, form_id, title, difficulty, description, requirements, grading_criteria, attached_files, submission_format, example_input, example_output, grading_total, grading_summary) VALUES (N'CS101-1-5', N'CS101', N'2', N'[Dễ] Bài 5: Tính giai thừa của một số nguyên dương', N'Trung bình', N'Viết chương trình tính giai thừa của một số nguyên dương n nhập từ bàn phím.', N'["Nhập số nguyên dương n từ bàn phím.","Tính giai thừa bằng vòng lặp.","Hiển thị kết quả rõ ràng.","Chú thích mã nguồn rõ ràng."]', N'[{"name":"Core correctness (logic)","points":6,"note":"Đầu ra và hành vi đúng theo yêu cầu"},{"name":"Input validation","points":2,"note":"Kiểm tra dữ liệu đầu vào hợp lệ"},{"name":"Edge cases","points":1,"note":"Các trường hợp biên đơn giản"},{"name":"Code clarity & comments","points":1,"note":"Mã sạch, có chú thích"}]', N'[]', N'*.c hoặc *.cpp hoặc *.py', N'', N'', 10, N'Core correctness (logic): | Input validation: | Edge cases: | Code clarity & comments:');
INSERT INTO dbo.Exercises (id, subject_id, form_id, title, difficulty, description, requirements, grading_criteria, attached_files, submission_format, example_input, example_output, grading_total, grading_summary) VALUES (N'CS101-1-6', N'CS101', N'2', N'[Dễ] Bài 6: Tính tổng các số chẵn từ 1 đến n', N'Trung bình', N'Viết chương trình tính tổng các số chẵn từ 1 đến n (n nhập từ bàn phím).', N'["Nhập số nguyên n từ bàn phím.","Tính tổng các số chẵn từ 1 đến n.","Hiển thị kết quả rõ ràng.","Chú thích mã nguồn rõ ràng."]', N'[{"name":"Core correctness (logic)","points":6,"note":"Đầu ra và hành vi đúng theo yêu cầu"},{"name":"Input validation","points":2,"note":"Kiểm tra dữ liệu đầu vào hợp lệ"},{"name":"Edge cases","points":1,"note":"Các trường hợp biên đơn giản"},{"name":"Code clarity & comments","points":1,"note":"Mã sạch, có chú thích"}]', N'[]', N'*.c hoặc *.cpp hoặc *.py', N'', N'', 10, N'Core correctness (logic): | Input validation: | Edge cases: | Code clarity & comments:');
INSERT INTO dbo.Exercises (id, subject_id, form_id, title, difficulty, description, requirements, grading_criteria, attached_files, submission_format, example_input, example_output, grading_total, grading_summary) VALUES (N'CS101-1-7', N'CS101', N'2', N'[Dễ] Bài 7: Tính tổng các số lẻ từ 1 đến n', N'Trung bình', N'Viết chương trình tính tổng các số lẻ từ 1 đến n (n nhập từ bàn phím).', N'["Nhập số nguyên n từ bàn phím.","Tính tổng các số lẻ từ 1 đến n.","Hiển thị kết quả rõ ràng.","Chú thích mã nguồn rõ ràng."]', N'[{"name":"Core correctness (logic)","points":6,"note":"Đầu ra và hành vi đúng theo yêu cầu"},{"name":"Input validation","points":2,"note":"Kiểm tra dữ liệu đầu vào hợp lệ"},{"name":"Edge cases","points":1,"note":"Các trường hợp biên đơn giản"},{"name":"Code clarity & comments","points":1,"note":"Mã sạch, có chú thích"}]', N'[]', N'*.c hoặc *.cpp hoặc *.py', N'', N'', 10, N'Core correctness (logic): | Input validation: | Edge cases: | Code clarity & comments:');
INSERT INTO dbo.Exercises (id, subject_id, form_id, title, difficulty, description, requirements, grading_criteria, attached_files, submission_format, example_input, example_output, grading_total, grading_summary) VALUES (N'CS101-1-8', N'CS101', N'2', N'[Dễ] Bài 8: Kiểm tra số nguyên tố', N'Trung bình', N'Viết chương trình kiểm tra một số nguyên nhập vào có phải là số nguyên tố hay không.', N'["Nhập một số nguyên từ bàn phím.","Kiểm tra số nguyên tố bằng thuật toán hợp lý.","Hiển thị kết quả rõ ràng.","Chú thích mã nguồn rõ ràng."]', N'[{"name":"Core correctness (logic)","points":6,"note":"Đầu ra và hành vi đúng theo yêu cầu"},{"name":"Input validation","points":2,"note":"Kiểm tra dữ liệu đầu vào hợp lệ"},{"name":"Edge cases","points":1,"note":"Các trường hợp biên đơn giản"},{"name":"Code clarity & comments","points":1,"note":"Mã sạch, có chú thích"}]', N'[]', N'*.c hoặc *.cpp hoặc *.py', N'', N'', 10, N'Core correctness (logic): | Input validation: | Edge cases: | Code clarity & comments:');
INSERT INTO dbo.Exercises (id, subject_id, form_id, title, difficulty, description, requirements, grading_criteria, attached_files, submission_format, example_input, example_output, grading_total, grading_summary) VALUES (N'CS101-1-9', N'CS101', N'2', N'[Dễ] Bài 9: In dãy số Fibonacci đến n', N'Trung bình', N'Viết chương trình in ra dãy số Fibonacci từ 1 đến n (n nhập từ bàn phím).', N'["Nhập số nguyên n từ bàn phím.","Tính và in ra dãy số Fibonacci đến n.","Hiển thị kết quả rõ ràng.","Chú thích mã nguồn rõ ràng."]', N'[{"name":"Core correctness (logic)","points":6,"note":"Đầu ra và hành vi đúng theo yêu cầu"},{"name":"Input validation","points":2,"note":"Kiểm tra dữ liệu đầu vào hợp lệ"},{"name":"Edge cases","points":1,"note":"Các trường hợp biên đơn giản"},{"name":"Code clarity & comments","points":1,"note":"Mã sạch, có chú thích"}]', N'[]', N'*.c hoặc *.cpp hoặc *.py', N'', N'', 10, N'Core correctness (logic): | Input validation: | Edge cases: | Code clarity & comments:');
INSERT INTO dbo.Exercises (id, subject_id, form_id, title, difficulty, description, requirements, grading_criteria, attached_files, submission_format, example_input, example_output, grading_total, grading_summary) VALUES (N'CS101-1-10', N'CS101', N'2', N'[Dễ] Bài 10: Đảo ngược một số nguyên', N'Trung bình', N'Viết chương trình đảo ngược các chữ số của một số nguyên nhập vào.', N'["Nhập một số nguyên từ bàn phím.","Đảo ngược các chữ số và hiển thị kết quả.","Chú thích mã nguồn rõ ràng.","Kiểm tra dữ liệu đầu vào hợp lệ."]', N'[{"name":"Core correctness (logic)","points":6,"note":"Đầu ra và hành vi đúng theo yêu cầu"},{"name":"Input validation","points":2,"note":"Kiểm tra dữ liệu đầu vào hợp lệ"},{"name":"Edge cases","points":1,"note":"Các trường hợp biên đơn giản"},{"name":"Code clarity & comments","points":1,"note":"Mã sạch, có chú thích"}]', N'[]', N'*.c hoặc *.cpp hoặc *.py', N'', N'', 10, N'Core correctness (logic): | Input validation: | Edge cases: | Code clarity & comments:');
INSERT INTO dbo.Exercises (id, subject_id, form_id, title, difficulty, description, requirements, grading_criteria, attached_files, submission_format, example_input, example_output, grading_total, grading_summary) VALUES (N'CS101-1-11', N'CS101', N'2', N'[Dễ] Bài 11: Tính tổng các chữ số của một số nguyên', N'Trung bình', N'Viết chương trình tính tổng các chữ số của một số nguyên nhập vào.', N'["Nhập một số nguyên từ bàn phím.","Tính tổng các chữ số và hiển thị kết quả.","Chú thích mã nguồn rõ ràng.","Kiểm tra dữ liệu đầu vào hợp lệ."]', N'[{"name":"Core correctness (logic)","points":6,"note":"Đầu ra và hành vi đúng theo yêu cầu"},{"name":"Input validation","points":2,"note":"Kiểm tra dữ liệu đầu vào hợp lệ"},{"name":"Edge cases","points":1,"note":"Các trường hợp biên đơn giản"},{"name":"Code clarity & comments","points":1,"note":"Mã sạch, có chú thích"}]', N'[]', N'*.c hoặc *.cpp hoặc *.py', N'', N'', 10, N'Core correctness (logic): | Input validation: | Edge cases: | Code clarity & comments:');
INSERT INTO dbo.Exercises (id, subject_id, form_id, title, difficulty, description, requirements, grading_criteria, attached_files, submission_format, example_input, example_output, grading_total, grading_summary) VALUES (N'CS101-1-12', N'CS101', N'2', N'[Dễ] Bài 12: Kiểm tra năm nhuận', N'Trung bình', N'Viết chương trình kiểm tra một năm nhập vào có phải là năm nhuận hay không.', N'["Nhập một năm từ bàn phím.","Kiểm tra năm nhuận theo quy tắc.","Hiển thị kết quả rõ ràng.","Chú thích mã nguồn rõ ràng."]', N'[{"name":"Core correctness (logic)","points":6,"note":"Đầu ra và hành vi đúng theo yêu cầu"},{"name":"Input validation","points":2,"note":"Kiểm tra dữ liệu đầu vào hợp lệ"},{"name":"Edge cases","points":1,"note":"Các trường hợp biên đơn giản"},{"name":"Code clarity & comments","points":1,"note":"Mã sạch, có chú thích"}]', N'[]', N'*.c hoặc *.cpp hoặc *.py', N'', N'', 10, N'Core correctness (logic): | Input validation: | Edge cases: | Code clarity & comments:');
INSERT INTO dbo.Forms (form_id, subject_id, name, difficulty, exercise_count) VALUES (N'3', N'CS101', N'Nâng cao', N'Khó', 10);
INSERT INTO dbo.Exercises (id, subject_id, form_id, title, difficulty, description, requirements, grading_criteria, attached_files, submission_format, example_input, example_output, grading_total, grading_summary) VALUES (N'CS101-2-1', N'CS101', N'3', N'[Trung bình] Bài 1: Tính tổng các số nguyên tố nhỏ hơn n', N'Khó', N'Viết chương trình nhập vào số nguyên dương n, tính tổng các số nguyên tố nhỏ hơn n.', N'["Nhập số nguyên dương n từ bàn phím.","Tìm tất cả số nguyên tố nhỏ hơn n.","Tính tổng và hiển thị kết quả.","Chú thích mã nguồn rõ ràng."]', N'[{"name":"Core correctness (logic)","points":8,"note":"Đúng và đầy đủ yêu cầu đề bài"},{"name":"Input validation","points":2,"note":"Xử lý trường hợp nhập sai"},{"name":"Edge cases","points":2,"note":"Kiểm thử với các biên"},{"name":"Design & modularity","points":2,"note":"Tách chức năng hợp lý"},{"name":"Code clarity & comments","points":1,"note":"Đặt tên rõ ràng, có chú thích"}]', N'[]', N'*.c hoặc *.cpp hoặc *.py', N'', N'', 15, N'Core correctness (logic): | Input validation: | Edge cases: | Design & modularity: | Code clarity & comments:');
INSERT INTO dbo.Exercises (id, subject_id, form_id, title, difficulty, description, requirements, grading_criteria, attached_files, submission_format, example_input, example_output, grading_total, grading_summary) VALUES (N'CS101-2-2', N'CS101', N'3', N'[Trung bình] Bài 2: Tìm số đảo ngược lớn nhất trong mảng', N'Khó', N'Viết chương trình nhập vào một mảng số nguyên, tìm số đảo ngược lớn nhất trong mảng.', N'["Nhập mảng số nguyên từ bàn phím.","Đảo ngược từng số và tìm số lớn nhất.","Hiển thị kết quả rõ ràng.","Chú thích mã nguồn rõ ràng."]', N'[{"name":"Core correctness (logic)","points":8,"note":"Đúng và đầy đủ yêu cầu đề bài"},{"name":"Input validation","points":2,"note":"Xử lý trường hợp nhập sai"},{"name":"Edge cases","points":2,"note":"Kiểm thử với các biên"},{"name":"Design & modularity","points":2,"note":"Tách chức năng hợp lý"},{"name":"Code clarity & comments","points":1,"note":"Đặt tên rõ ràng, có chú thích"}]', N'[]', N'*.c hoặc *.cpp hoặc *.py', N'', N'', 15, N'Core correctness (logic): | Input validation: | Edge cases: | Design & modularity: | Code clarity & comments:');
INSERT INTO dbo.Exercises (id, subject_id, form_id, title, difficulty, description, requirements, grading_criteria, attached_files, submission_format, example_input, example_output, grading_total, grading_summary) VALUES (N'CS101-2-3', N'CS101', N'3', N'[Trung bình] Bài 3: Sắp xếp mảng tăng dần và giảm dần', N'Khó', N'Viết chương trình nhập vào một mảng số nguyên, sắp xếp mảng theo thứ tự tăng dần và giảm dần.', N'["Nhập mảng số nguyên từ bàn phím.","Sắp xếp mảng tăng dần và giảm dần.","Hiển thị kết quả rõ ràng.","Chú thích mã nguồn rõ ràng."]', N'[{"name":"Core correctness (logic)","points":8,"note":"Đúng và đầy đủ yêu cầu đề bài"},{"name":"Input validation","points":2,"note":"Xử lý trường hợp nhập sai"},{"name":"Edge cases","points":2,"note":"Kiểm thử với các biên"},{"name":"Design & modularity","points":2,"note":"Tách chức năng hợp lý"},{"name":"Code clarity & comments","points":1,"note":"Đặt tên rõ ràng, có chú thích"}]', N'[]', N'*.c hoặc *.cpp hoặc *.py', N'', N'', 15, N'Core correctness (logic): | Input validation: | Edge cases: | Design & modularity: | Code clarity & comments:');
INSERT INTO dbo.Exercises (id, subject_id, form_id, title, difficulty, description, requirements, grading_criteria, attached_files, submission_format, example_input, example_output, grading_total, grading_summary) VALUES (N'CS101-2-4', N'CS101', N'3', N'[Trung bình] Bài 4: Tìm phần tử xuất hiện nhiều nhất trong mảng', N'Khó', N'Viết chương trình nhập vào một mảng số nguyên, tìm phần tử xuất hiện nhiều nhất trong mảng.', N'["Nhập mảng số nguyên từ bàn phím.","Tìm phần tử xuất hiện nhiều nhất và số lần xuất hiện.","Hiển thị kết quả rõ ràng.","Chú thích mã nguồn rõ ràng."]', N'[{"name":"Core correctness (logic)","points":8,"note":"Đúng và đầy đủ yêu cầu đề bài"},{"name":"Input validation","points":2,"note":"Xử lý trường hợp nhập sai"},{"name":"Edge cases","points":2,"note":"Kiểm thử với các biên"},{"name":"Design & modularity","points":2,"note":"Tách chức năng hợp lý"},{"name":"Code clarity & comments","points":1,"note":"Đặt tên rõ ràng, có chú thích"}]', N'[]', N'*.c hoặc *.cpp hoặc *.py', N'', N'', 15, N'Core correctness (logic): | Input validation: | Edge cases: | Design & modularity: | Code clarity & comments:');
INSERT INTO dbo.Exercises (id, subject_id, form_id, title, difficulty, description, requirements, grading_criteria, attached_files, submission_format, example_input, example_output, grading_total, grading_summary) VALUES (N'CS101-2-5', N'CS101', N'3', N'[Trung bình] Bài 5: Tính tổng các số lẻ trong mảng', N'Khó', N'Viết chương trình nhập vào một mảng số nguyên, tính tổng các số lẻ trong mảng.', N'["Nhập mảng số nguyên từ bàn phím.","Tính tổng các số lẻ trong mảng.","Hiển thị kết quả rõ ràng.","Chú thích mã nguồn rõ ràng."]', N'[{"name":"Core correctness (logic)","points":8,"note":"Đúng và đầy đủ yêu cầu đề bài"},{"name":"Input validation","points":2,"note":"Xử lý trường hợp nhập sai"},{"name":"Edge cases","points":2,"note":"Kiểm thử với các biên"},{"name":"Design & modularity","points":2,"note":"Tách chức năng hợp lý"},{"name":"Code clarity & comments","points":1,"note":"Đặt tên rõ ràng, có chú thích"}]', N'[]', N'*.c hoặc *.cpp hoặc *.py', N'', N'', 15, N'Core correctness (logic): | Input validation: | Edge cases: | Design & modularity: | Code clarity & comments:');
INSERT INTO dbo.Exercises (id, subject_id, form_id, title, difficulty, description, requirements, grading_criteria, attached_files, submission_format, example_input, example_output, grading_total, grading_summary) VALUES (N'CS101-2-6', N'CS101', N'3', N'[Trung bình] Bài 6: Đếm số lượng số nguyên tố trong mảng', N'Khó', N'Viết chương trình nhập vào một mảng số nguyên, đếm số lượng số nguyên tố trong mảng.', N'["Nhập mảng số nguyên từ bàn phím.","Kiểm tra và đếm số nguyên tố trong mảng.","Hiển thị kết quả rõ ràng.","Chú thích mã nguồn rõ ràng."]', N'[{"name":"Core correctness (logic)","points":8,"note":"Đúng và đầy đủ yêu cầu đề bài"},{"name":"Input validation","points":2,"note":"Xử lý trường hợp nhập sai"},{"name":"Edge cases","points":2,"note":"Kiểm thử với các biên"},{"name":"Design & modularity","points":2,"note":"Tách chức năng hợp lý"},{"name":"Code clarity & comments","points":1,"note":"Đặt tên rõ ràng, có chú thích"}]', N'[]', N'*.c hoặc *.cpp hoặc *.py', N'', N'', 15, N'Core correctness (logic): | Input validation: | Edge cases: | Design & modularity: | Code clarity & comments:');
INSERT INTO dbo.Exercises (id, subject_id, form_id, title, difficulty, description, requirements, grading_criteria, attached_files, submission_format, example_input, example_output, grading_total, grading_summary) VALUES (N'CS101-2-7', N'CS101', N'3', N'[Trung bình] Bài 7: Tìm số lớn thứ hai trong mảng', N'Khó', N'Viết chương trình nhập vào một mảng số nguyên, tìm số lớn thứ hai trong mảng.', N'["Nhập mảng số nguyên từ bàn phím.","Tìm số lớn thứ hai và hiển thị kết quả.","Chú thích mã nguồn rõ ràng.","Kiểm tra dữ liệu đầu vào hợp lệ."]', N'[{"name":"Core correctness (logic)","points":8,"note":"Đúng và đầy đủ yêu cầu đề bài"},{"name":"Input validation","points":2,"note":"Xử lý trường hợp nhập sai"},{"name":"Edge cases","points":2,"note":"Kiểm thử với các biên"},{"name":"Design & modularity","points":2,"note":"Tách chức năng hợp lý"},{"name":"Code clarity & comments","points":1,"note":"Đặt tên rõ ràng, có chú thích"}]', N'[]', N'*.c hoặc *.cpp hoặc *.py', N'', N'', 15, N'Core correctness (logic): | Input validation: | Edge cases: | Design & modularity: | Code clarity & comments:');
INSERT INTO dbo.Exercises (id, subject_id, form_id, title, difficulty, description, requirements, grading_criteria, attached_files, submission_format, example_input, example_output, grading_total, grading_summary) VALUES (N'CS101-2-8', N'CS101', N'3', N'[Trung bình] Bài 8: Tính tổng các số chia hết cho 3 trong mảng', N'Khó', N'Viết chương trình nhập vào một mảng số nguyên, tính tổng các số chia hết cho 3 trong mảng.', N'["Nhập mảng số nguyên từ bàn phím.","Tính tổng các số chia hết cho 3 trong mảng.","Hiển thị kết quả rõ ràng.","Chú thích mã nguồn rõ ràng."]', N'[{"name":"Core correctness (logic)","points":8,"note":"Đúng và đầy đủ yêu cầu đề bài"},{"name":"Input validation","points":2,"note":"Xử lý trường hợp nhập sai"},{"name":"Edge cases","points":2,"note":"Kiểm thử với các biên"},{"name":"Design & modularity","points":2,"note":"Tách chức năng hợp lý"},{"name":"Code clarity & comments","points":1,"note":"Đặt tên rõ ràng, có chú thích"}]', N'[]', N'*.c hoặc *.cpp hoặc *.py', N'', N'', 15, N'Core correctness (logic): | Input validation: | Edge cases: | Design & modularity: | Code clarity & comments:');
INSERT INTO dbo.Exercises (id, subject_id, form_id, title, difficulty, description, requirements, grading_criteria, attached_files, submission_format, example_input, example_output, grading_total, grading_summary) VALUES (N'CS101-2-9', N'CS101', N'3', N'[Trung bình] Bài 9: Tìm số âm lớn nhất trong mảng', N'Khó', N'Viết chương trình nhập vào một mảng số nguyên, tìm số âm lớn nhất trong mảng.', N'["Nhập mảng số nguyên từ bàn phím.","Tìm số âm lớn nhất và hiển thị kết quả.","Chú thích mã nguồn rõ ràng.","Kiểm tra dữ liệu đầu vào hợp lệ."]', N'[{"name":"Core correctness (logic)","points":8,"note":"Đúng và đầy đủ yêu cầu đề bài"},{"name":"Input validation","points":2,"note":"Xử lý trường hợp nhập sai"},{"name":"Edge cases","points":2,"note":"Kiểm thử với các biên"},{"name":"Design & modularity","points":2,"note":"Tách chức năng hợp lý"},{"name":"Code clarity & comments","points":1,"note":"Đặt tên rõ ràng, có chú thích"}]', N'[]', N'*.c hoặc *.cpp hoặc *.py', N'', N'', 15, N'Core correctness (logic): | Input validation: | Edge cases: | Design & modularity: | Code clarity & comments:');
INSERT INTO dbo.Exercises (id, subject_id, form_id, title, difficulty, description, requirements, grading_criteria, attached_files, submission_format, example_input, example_output, grading_total, grading_summary) VALUES (N'CS101-2-10', N'CS101', N'3', N'[Trung bình] Bài 10: Tính tổng các số lớn hơn x trong mảng', N'Khó', N'Viết chương trình nhập vào một mảng số nguyên và số x, tính tổng các số lớn hơn x trong mảng.', N'["Nhập mảng số nguyên và số x từ bàn phím.","Tính tổng các số lớn hơn x trong mảng.","Hiển thị kết quả rõ ràng.","Chú thích mã nguồn rõ ràng."]', N'[{"name":"Core correctness (logic)","points":8,"note":"Đúng và đầy đủ yêu cầu đề bài"},{"name":"Input validation","points":2,"note":"Xử lý trường hợp nhập sai"},{"name":"Edge cases","points":2,"note":"Kiểm thử với các biên"},{"name":"Design & modularity","points":2,"note":"Tách chức năng hợp lý"},{"name":"Code clarity & comments","points":1,"note":"Đặt tên rõ ràng, có chú thích"}]', N'[]', N'*.c hoặc *.cpp hoặc *.py', N'', N'', 15, N'Core correctness (logic): | Input validation: | Edge cases: | Design & modularity: | Code clarity & comments:');
INSERT INTO dbo.Subjects (subject_id, subject_name, description, total_exercises) VALUES (N'CS102', N'Kỹ thuật Lập trình', N'Rèn luyện kỹ năng lập trình nâng cao, làm quen với các kỹ thuật lập trình hiệu quả, mô-đun hoá và kiểm thử cơ bản.', 30);
INSERT INTO dbo.Forms (form_id, subject_id, name, difficulty, exercise_count) VALUES (N'1', N'CS102', N'Cơ bản', N'Dễ', 8);
INSERT INTO dbo.Exercises (id, subject_id, form_id, title, difficulty, description, requirements, grading_criteria, attached_files, submission_format, example_input, example_output, grading_total, grading_summary) VALUES (N'CS101-3-1', N'CS102', N'1', N'[Khó] Bài 1: Tìm dãy con liên tiếp có tổng lớn nhất trong mảng', N'Dễ', N'Viết chương trình nhập vào một mảng số nguyên, tìm dãy con liên tiếp có tổng lớn nhất và in ra tổng đó cùng vị trí bắt đầu, kết thúc của dãy con.', N'["Nhập mảng số nguyên từ bàn phím.","Tìm dãy con liên tiếp có tổng lớn nhất bằng thuật toán tối ưu.","Hiển thị tổng, vị trí bắt đầu và kết thúc của dãy con.","Chú thích mã nguồn rõ ràng."]', N'[{"name":"Core correctness (logic)","points":10,"note":"Đúng và đầy đủ yêu cầu đề bài"},{"name":"Input validation & error handling","points":3,"note":"Xử lý các trường hợp vào ra phức tạp"},{"name":"Edge cases & robustness","points":2,"note":"Các trường hợp biên phức tạp"},{"name":"Design & architecture (modularity)","points":3,"note":"Thiết kế mô-đun, nguyên lý tốt"},{"name":"Code quality & documentation","points":2,"note":"Đặt tên, cấu trúc, tài liệu tốt"}]', N'[]', N'*.c hoặc *.cpp hoặc *.py', N'', N'', 20, N'Core correctness (logic): | Input validation & error handling: | Edge cases & robustness: | Design & architecture (modularity): | Code quality & documentation:');
INSERT INTO dbo.Exercises (id, subject_id, form_id, title, difficulty, description, requirements, grading_criteria, attached_files, submission_format, example_input, example_output, grading_total, grading_summary) VALUES (N'CS101-3-2', N'CS102', N'1', N'[Khó] Bài 2: Tìm số xuất hiện duy nhất trong mảng', N'Dễ', N'Viết chương trình nhập vào một mảng số nguyên, tìm số chỉ xuất hiện duy nhất một lần trong mảng.', N'["Nhập mảng số nguyên từ bàn phím.","Tìm số xuất hiện duy nhất bằng thuật toán tối ưu.","Hiển thị kết quả rõ ràng.","Chú thích mã nguồn rõ ràng."]', N'[{"name":"Core correctness (logic)","points":10,"note":"Đúng và đầy đủ yêu cầu đề bài"},{"name":"Input validation & error handling","points":3,"note":"Xử lý các trường hợp vào ra phức tạp"},{"name":"Edge cases & robustness","points":2,"note":"Các trường hợp biên phức tạp"},{"name":"Design & architecture (modularity)","points":3,"note":"Thiết kế mô-đun, nguyên lý tốt"},{"name":"Code quality & documentation","points":2,"note":"Đặt tên, cấu trúc, tài liệu tốt"}]', N'[]', N'*.c hoặc *.cpp hoặc *.py', N'', N'', 20, N'Core correctness (logic): | Input validation & error handling: | Edge cases & robustness: | Design & architecture (modularity): | Code quality & documentation:');
INSERT INTO dbo.Exercises (id, subject_id, form_id, title, difficulty, description, requirements, grading_criteria, attached_files, submission_format, example_input, example_output, grading_total, grading_summary) VALUES (N'CS101-3-3', N'CS102', N'1', N'[Khó] Bài 3: Tìm chuỗi tăng dài nhất trong mảng', N'Dễ', N'Viết chương trình nhập vào một mảng số nguyên, tìm chuỗi tăng dài nhất và in ra chuỗi đó cùng độ dài.', N'["Nhập mảng số nguyên từ bàn phím.","Tìm chuỗi tăng dài nhất bằng thuật toán tối ưu.","Hiển thị chuỗi và độ dài rõ ràng.","Chú thích mã nguồn rõ ràng."]', N'[{"name":"Core correctness (logic)","points":10,"note":"Đúng và đầy đủ yêu cầu đề bài"},{"name":"Input validation & error handling","points":3,"note":"Xử lý các trường hợp vào ra phức tạp"},{"name":"Edge cases & robustness","points":2,"note":"Các trường hợp biên phức tạp"},{"name":"Design & architecture (modularity)","points":3,"note":"Thiết kế mô-đun, nguyên lý tốt"},{"name":"Code quality & documentation","points":2,"note":"Đặt tên, cấu trúc, tài liệu tốt"}]', N'[]', N'*.c hoặc *.cpp hoặc *.py', N'', N'', 20, N'Core correctness (logic): | Input validation & error handling: | Edge cases & robustness: | Design & architecture (modularity): | Code quality & documentation:');
INSERT INTO dbo.Exercises (id, subject_id, form_id, title, difficulty, description, requirements, grading_criteria, attached_files, submission_format, example_input, example_output, grading_total, grading_summary) VALUES (N'CS101-3-4', N'CS102', N'1', N'[Khó] Bài 4: Tìm số xuất hiện nhiều nhất trong mảng lớn', N'Dễ', N'Viết chương trình nhập vào một mảng số nguyên lớn (n > 1000), tìm số xuất hiện nhiều nhất và số lần xuất hiện.', N'["Nhập mảng số nguyên lớn từ bàn phím.","Tìm số xuất hiện nhiều nhất bằng thuật toán tối ưu.","Hiển thị kết quả rõ ràng.","Chú thích mã nguồn rõ ràng."]', N'[{"name":"Core correctness (logic)","points":10,"note":"Đúng và đầy đủ yêu cầu đề bài"},{"name":"Input validation & error handling","points":3,"note":"Xử lý các trường hợp vào ra phức tạp"},{"name":"Edge cases & robustness","points":2,"note":"Các trường hợp biên phức tạp"},{"name":"Design & architecture (modularity)","points":3,"note":"Thiết kế mô-đun, nguyên lý tốt"},{"name":"Code quality & documentation","points":2,"note":"Đặt tên, cấu trúc, tài liệu tốt"}]', N'[]', N'*.c hoặc *.cpp hoặc *.py', N'', N'', 20, N'Core correctness (logic): | Input validation & error handling: | Edge cases & robustness: | Design & architecture (modularity): | Code quality & documentation:');
INSERT INTO dbo.Exercises (id, subject_id, form_id, title, difficulty, description, requirements, grading_criteria, attached_files, submission_format, example_input, example_output, grading_total, grading_summary) VALUES (N'CS101-3-5', N'CS102', N'1', N'[Khó] Bài 5: Tìm dãy con có tổng bằng S cho trước', N'Dễ', N'Viết chương trình nhập vào một mảng số nguyên và số S, tìm tất cả dãy con liên tiếp có tổng bằng S.', N'["Nhập mảng số nguyên và số S từ bàn phím.","Tìm tất cả dãy con liên tiếp có tổng bằng S bằng thuật toán tối ưu.","Hiển thị kết quả rõ ràng.","Chú thích mã nguồn rõ ràng."]', N'[{"name":"Core correctness (logic)","points":10,"note":"Đúng và đầy đủ yêu cầu đề bài"},{"name":"Input validation & error handling","points":3,"note":"Xử lý các trường hợp vào ra phức tạp"},{"name":"Edge cases & robustness","points":2,"note":"Các trường hợp biên phức tạp"},{"name":"Design & architecture (modularity)","points":3,"note":"Thiết kế mô-đun, nguyên lý tốt"},{"name":"Code quality & documentation","points":2,"note":"Đặt tên, cấu trúc, tài liệu tốt"}]', N'[]', N'*.c hoặc *.cpp hoặc *.py', N'', N'', 20, N'Core correctness (logic): | Input validation & error handling: | Edge cases & robustness: | Design & architecture (modularity): | Code quality & documentation:');
INSERT INTO dbo.Exercises (id, subject_id, form_id, title, difficulty, description, requirements, grading_criteria, attached_files, submission_format, example_input, example_output, grading_total, grading_summary) VALUES (N'CS101-3-6', N'CS102', N'1', N'[Khó] Bài 6: Tìm số lớn thứ k trong mảng', N'Dễ', N'Viết chương trình nhập vào một mảng số nguyên và số k, tìm số lớn thứ k trong mảng.', N'["Nhập mảng số nguyên và số k từ bàn phím.","Tìm số lớn thứ k bằng thuật toán tối ưu.","Hiển thị kết quả rõ ràng.","Chú thích mã nguồn rõ ràng."]', N'[{"name":"Core correctness (logic)","points":10,"note":"Đúng và đầy đủ yêu cầu đề bài"},{"name":"Input validation & error handling","points":3,"note":"Xử lý các trường hợp vào ra phức tạp"},{"name":"Edge cases & robustness","points":2,"note":"Các trường hợp biên phức tạp"},{"name":"Design & architecture (modularity)","points":3,"note":"Thiết kế mô-đun, nguyên lý tốt"},{"name":"Code quality & documentation","points":2,"note":"Đặt tên, cấu trúc, tài liệu tốt"}]', N'[]', N'*.c hoặc *.cpp hoặc *.py', N'', N'', 20, N'Core correctness (logic): | Input validation & error handling: | Edge cases & robustness: | Design & architecture (modularity): | Code quality & documentation:');
INSERT INTO dbo.Exercises (id, subject_id, form_id, title, difficulty, description, requirements, grading_criteria, attached_files, submission_format, example_input, example_output, grading_total, grading_summary) VALUES (N'CS101-3-7', N'CS102', N'1', N'[Khó] Bài 7: Tìm dãy con có tích lớn nhất trong mảng', N'Dễ', N'Viết chương trình nhập vào một mảng số nguyên, tìm dãy con liên tiếp có tích lớn nhất và in ra tích đó cùng vị trí bắt đầu, kết thúc của dãy con.', N'["Nhập mảng số nguyên từ bàn phím.","Tìm dãy con liên tiếp có tích lớn nhất bằng thuật toán tối ưu.","Hiển thị tích, vị trí bắt đầu và kết thúc của dãy con.","Chú thích mã nguồn rõ ràng."]', N'[{"name":"Core correctness (logic)","points":10,"note":"Đúng và đầy đủ yêu cầu đề bài"},{"name":"Input validation & error handling","points":3,"note":"Xử lý các trường hợp vào ra phức tạp"},{"name":"Edge cases & robustness","points":2,"note":"Các trường hợp biên phức tạp"},{"name":"Design & architecture (modularity)","points":3,"note":"Thiết kế mô-đun, nguyên lý tốt"},{"name":"Code quality & documentation","points":2,"note":"Đặt tên, cấu trúc, tài liệu tốt"}]', N'[]', N'*.c hoặc *.cpp hoặc *.py', N'', N'', 20, N'Core correctness (logic): | Input validation & error handling: | Edge cases & robustness: | Design & architecture (modularity): | Code quality & documentation:');
INSERT INTO dbo.Exercises (id, subject_id, form_id, title, difficulty, description, requirements, grading_criteria, attached_files, submission_format, example_input, example_output, grading_total, grading_summary) VALUES (N'CS101-3-8', N'CS102', N'1', N'[Khó] Bài 8: Tìm số xuất hiện nhiều nhất trong hai mảng hợp nhất', N'Dễ', N'Viết chương trình nhập vào hai mảng số nguyên, hợp nhất hai mảng và tìm số xuất hiện nhiều nhất trong mảng hợp nhất.', N'["Nhập hai mảng số nguyên từ bàn phím.","Hợp nhất hai mảng và tìm số xuất hiện nhiều nhất bằng thuật toán tối ưu.","Hiển thị kết quả rõ ràng.","Chú thích mã nguồn rõ ràng."]', N'[{"name":"Core correctness (logic)","points":10,"note":"Đúng và đầy đủ yêu cầu đề bài"},{"name":"Input validation & error handling","points":3,"note":"Xử lý các trường hợp vào ra phức tạp"},{"name":"Edge cases & robustness","points":2,"note":"Các trường hợp biên phức tạp"},{"name":"Design & architecture (modularity)","points":3,"note":"Thiết kế mô-đun, nguyên lý tốt"},{"name":"Code quality & documentation","points":2,"note":"Đặt tên, cấu trúc, tài liệu tốt"}]', N'[]', N'*.c hoặc *.cpp hoặc *.py', N'', N'', 20, N'Core correctness (logic): | Input validation & error handling: | Edge cases & robustness: | Design & architecture (modularity): | Code quality & documentation:');
INSERT INTO dbo.Forms (form_id, subject_id, name, difficulty, exercise_count) VALUES (N'2', N'CS102', N'Ứng dụng', N'Trung bình', 12);
INSERT INTO dbo.Exercises (id, subject_id, form_id, title, difficulty, description, requirements, grading_criteria, attached_files, submission_format, example_input, example_output, grading_total, grading_summary) VALUES (N'CS102-1-1', N'CS102', N'2', N'[Dễ] Bài 1: Viết hàm tính tổng hai số nguyên', N'Trung bình', N'Viết hàm nhận vào hai số nguyên và trả về tổng của chúng.', N'["Định nghĩa hàm đúng cú pháp.","Trả về tổng hai số nguyên.","Kiểm tra dữ liệu đầu vào hợp lệ.","Chú thích mã nguồn rõ ràng."]', N'[{"name":"Core correctness (logic)","points":6,"note":"Đầu ra và hành vi đúng theo yêu cầu"},{"name":"Input validation","points":2,"note":"Kiểm tra dữ liệu đầu vào hợp lệ"},{"name":"Edge cases","points":1,"note":"Các trường hợp biên đơn giản"},{"name":"Code clarity & comments","points":1,"note":"Mã sạch, có chú thích"}]', N'[]', N'*.c hoặc *.cpp hoặc *.py', N'', N'', 10, N'Core correctness (logic): | Input validation: | Edge cases: | Code clarity & comments:');
INSERT INTO dbo.Exercises (id, subject_id, form_id, title, difficulty, description, requirements, grading_criteria, attached_files, submission_format, example_input, example_output, grading_total, grading_summary) VALUES (N'CS102-1-2', N'CS102', N'2', N'[Dễ] Bài 2: Viết hàm kiểm tra số chẵn lẻ', N'Trung bình', N'Viết hàm nhận vào một số nguyên và kiểm tra số đó là chẵn hay lẻ.', N'["Định nghĩa hàm đúng cú pháp.","Kiểm tra số chẵn lẻ và trả về kết quả đúng.","Kiểm tra dữ liệu đầu vào hợp lệ.","Chú thích mã nguồn rõ ràng."]', N'[{"name":"Core correctness (logic)","points":6,"note":"Đầu ra và hành vi đúng theo yêu cầu"},{"name":"Input validation","points":2,"note":"Kiểm tra dữ liệu đầu vào hợp lệ"},{"name":"Edge cases","points":1,"note":"Các trường hợp biên đơn giản"},{"name":"Code clarity & comments","points":1,"note":"Mã sạch, có chú thích"}]', N'[]', N'*.c hoặc *.cpp hoặc *.py', N'', N'', 10, N'Core correctness (logic): | Input validation: | Edge cases: | Code clarity & comments:');
INSERT INTO dbo.Exercises (id, subject_id, form_id, title, difficulty, description, requirements, grading_criteria, attached_files, submission_format, example_input, example_output, grading_total, grading_summary) VALUES (N'CS102-1-3', N'CS102', N'2', N'[Dễ] Bài 3: Viết hàm tính giai thừa', N'Trung bình', N'Viết hàm nhận vào một số nguyên dương và trả về giai thừa của số đó.', N'["Định nghĩa hàm đúng cú pháp.","Tính giai thừa bằng vòng lặp hoặc đệ quy.","Kiểm tra dữ liệu đầu vào hợp lệ.","Chú thích mã nguồn rõ ràng."]', N'[{"name":"Core correctness (logic)","points":6,"note":"Đầu ra và hành vi đúng theo yêu cầu"},{"name":"Input validation","points":2,"note":"Kiểm tra dữ liệu đầu vào hợp lệ"},{"name":"Edge cases","points":1,"note":"Các trường hợp biên đơn giản"},{"name":"Code clarity & comments","points":1,"note":"Mã sạch, có chú thích"}]', N'[]', N'*.c hoặc *.cpp hoặc *.py', N'', N'', 10, N'Core correctness (logic): | Input validation: | Edge cases: | Code clarity & comments:');
INSERT INTO dbo.Exercises (id, subject_id, form_id, title, difficulty, description, requirements, grading_criteria, attached_files, submission_format, example_input, example_output, grading_total, grading_summary) VALUES (N'CS102-1-4', N'CS102', N'2', N'[Dễ] Bài 4: Viết hàm tính tổng các số chẵn từ 1 đến n', N'Trung bình', N'Viết hàm nhận vào số nguyên n và trả về tổng các số chẵn từ 1 đến n.', N'["Định nghĩa hàm đúng cú pháp.","Tính tổng các số chẵn từ 1 đến n.","Kiểm tra dữ liệu đầu vào hợp lệ.","Chú thích mã nguồn rõ ràng."]', N'[{"name":"Core correctness (logic)","points":6,"note":"Đầu ra và hành vi đúng theo yêu cầu"},{"name":"Input validation","points":2,"note":"Kiểm tra dữ liệu đầu vào hợp lệ"},{"name":"Edge cases","points":1,"note":"Các trường hợp biên đơn giản"},{"name":"Code clarity & comments","points":1,"note":"Mã sạch, có chú thích"}]', N'[]', N'*.c hoặc *.cpp hoặc *.py', N'', N'', 10, N'Core correctness (logic): | Input validation: | Edge cases: | Code clarity & comments:');
INSERT INTO dbo.Exercises (id, subject_id, form_id, title, difficulty, description, requirements, grading_criteria, attached_files, submission_format, example_input, example_output, grading_total, grading_summary) VALUES (N'CS102-1-5', N'CS102', N'2', N'[Dễ] Bài 5: Viết hàm tính tổng các số lẻ từ 1 đến n', N'Trung bình', N'Viết hàm nhận vào số nguyên n và trả về tổng các số lẻ từ 1 đến n.', N'["Định nghĩa hàm đúng cú pháp.","Tính tổng các số lẻ từ 1 đến n.","Kiểm tra dữ liệu đầu vào hợp lệ.","Chú thích mã nguồn rõ ràng."]', N'[{"name":"Core correctness (logic)","points":6,"note":"Đầu ra và hành vi đúng theo yêu cầu"},{"name":"Input validation","points":2,"note":"Kiểm tra dữ liệu đầu vào hợp lệ"},{"name":"Edge cases","points":1,"note":"Các trường hợp biên đơn giản"},{"name":"Code clarity & comments","points":1,"note":"Mã sạch, có chú thích"}]', N'[]', N'*.c hoặc *.cpp hoặc *.py', N'', N'', 10, N'Core correctness (logic): | Input validation: | Edge cases: | Code clarity & comments:');
INSERT INTO dbo.Exercises (id, subject_id, form_id, title, difficulty, description, requirements, grading_criteria, attached_files, submission_format, example_input, example_output, grading_total, grading_summary) VALUES (N'CS102-1-6', N'CS102', N'2', N'[Dễ] Bài 6: Viết hàm kiểm tra số nguyên tố', N'Trung bình', N'Viết hàm nhận vào một số nguyên và kiểm tra số đó có phải là số nguyên tố không.', N'["Định nghĩa hàm đúng cú pháp.","Kiểm tra số nguyên tố bằng thuật toán hợp lý.","Trả về kết quả đúng.","Chú thích mã nguồn rõ ràng."]', N'[{"name":"Core correctness (logic)","points":6,"note":"Đầu ra và hành vi đúng theo yêu cầu"},{"name":"Input validation","points":2,"note":"Kiểm tra dữ liệu đầu vào hợp lệ"},{"name":"Edge cases","points":1,"note":"Các trường hợp biên đơn giản"},{"name":"Code clarity & comments","points":1,"note":"Mã sạch, có chú thích"}]', N'[]', N'*.c hoặc *.cpp hoặc *.py', N'', N'', 10, N'Core correctness (logic): | Input validation: | Edge cases: | Code clarity & comments:');
INSERT INTO dbo.Exercises (id, subject_id, form_id, title, difficulty, description, requirements, grading_criteria, attached_files, submission_format, example_input, example_output, grading_total, grading_summary) VALUES (N'CS102-1-7', N'CS102', N'2', N'[Dễ] Bài 7: Viết hàm tính tổng các chữ số của một số nguyên', N'Trung bình', N'Viết hàm nhận vào một số nguyên và trả về tổng các chữ số của số đó.', N'["Định nghĩa hàm đúng cú pháp.","Tính tổng các chữ số và trả về kết quả.","Kiểm tra dữ liệu đầu vào hợp lệ.","Chú thích mã nguồn rõ ràng."]', N'[{"name":"Core correctness (logic)","points":6,"note":"Đầu ra và hành vi đúng theo yêu cầu"},{"name":"Input validation","points":2,"note":"Kiểm tra dữ liệu đầu vào hợp lệ"},{"name":"Edge cases","points":1,"note":"Các trường hợp biên đơn giản"},{"name":"Code clarity & comments","points":1,"note":"Mã sạch, có chú thích"}]', N'[]', N'*.c hoặc *.cpp hoặc *.py', N'', N'', 10, N'Core correctness (logic): | Input validation: | Edge cases: | Code clarity & comments:');
INSERT INTO dbo.Exercises (id, subject_id, form_id, title, difficulty, description, requirements, grading_criteria, attached_files, submission_format, example_input, example_output, grading_total, grading_summary) VALUES (N'CS102-1-8', N'CS102', N'2', N'[Dễ] Bài 8: Viết hàm đảo ngược một số nguyên', N'Trung bình', N'Viết hàm nhận vào một số nguyên và trả về số đảo ngược của số đó.', N'["Định nghĩa hàm đúng cú pháp.","Đảo ngược các chữ số và trả về kết quả.","Kiểm tra dữ liệu đầu vào hợp lệ.","Chú thích mã nguồn rõ ràng."]', N'[{"name":"Core correctness (logic)","points":6,"note":"Đầu ra và hành vi đúng theo yêu cầu"},{"name":"Input validation","points":2,"note":"Kiểm tra dữ liệu đầu vào hợp lệ"},{"name":"Edge cases","points":1,"note":"Các trường hợp biên đơn giản"},{"name":"Code clarity & comments","points":1,"note":"Mã sạch, có chú thích"}]', N'[]', N'*.c hoặc *.cpp hoặc *.py', N'', N'', 10, N'Core correctness (logic): | Input validation: | Edge cases: | Code clarity & comments:');
INSERT INTO dbo.Exercises (id, subject_id, form_id, title, difficulty, description, requirements, grading_criteria, attached_files, submission_format, example_input, example_output, grading_total, grading_summary) VALUES (N'CS102-1-9', N'CS102', N'2', N'[Dễ] Bài 9: Viết hàm kiểm tra năm nhuận', N'Trung bình', N'Viết hàm nhận vào một năm và kiểm tra năm đó có phải là năm nhuận không.', N'["Định nghĩa hàm đúng cú pháp.","Kiểm tra năm nhuận theo quy tắc.","Trả về kết quả đúng.","Chú thích mã nguồn rõ ràng."]', N'[{"name":"Core correctness (logic)","points":6,"note":"Đầu ra và hành vi đúng theo yêu cầu"},{"name":"Input validation","points":2,"note":"Kiểm tra dữ liệu đầu vào hợp lệ"},{"name":"Edge cases","points":1,"note":"Các trường hợp biên đơn giản"},{"name":"Code clarity & comments","points":1,"note":"Mã sạch, có chú thích"}]', N'[]', N'*.c hoặc *.cpp hoặc *.py', N'', N'', 10, N'Core correctness (logic): | Input validation: | Edge cases: | Code clarity & comments:');
INSERT INTO dbo.Exercises (id, subject_id, form_id, title, difficulty, description, requirements, grading_criteria, attached_files, submission_format, example_input, example_output, grading_total, grading_summary) VALUES (N'CS102-1-10', N'CS102', N'2', N'[Dễ] Bài 10: Viết hàm tính tổng các số lớn hơn x trong mảng', N'Trung bình', N'Viết hàm nhận vào một mảng số nguyên và số x, trả về tổng các số lớn hơn x trong mảng.', N'["Định nghĩa hàm đúng cú pháp.","Tính tổng các số lớn hơn x trong mảng.","Kiểm tra dữ liệu đầu vào hợp lệ.","Chú thích mã nguồn rõ ràng."]', N'[{"name":"Core correctness (logic)","points":6,"note":"Đầu ra và hành vi đúng theo yêu cầu"},{"name":"Input validation","points":2,"note":"Kiểm tra dữ liệu đầu vào hợp lệ"},{"name":"Edge cases","points":1,"note":"Các trường hợp biên đơn giản"},{"name":"Code clarity & comments","points":1,"note":"Mã sạch, có chú thích"}]', N'[]', N'*.c hoặc *.cpp hoặc *.py', N'', N'', 10, N'Core correctness (logic): | Input validation: | Edge cases: | Code clarity & comments:');
INSERT INTO dbo.Exercises (id, subject_id, form_id, title, difficulty, description, requirements, grading_criteria, attached_files, submission_format, example_input, example_output, grading_total, grading_summary) VALUES (N'CS102-1-11', N'CS102', N'2', N'[Dễ] Bài 11: Viết hàm tìm số lớn nhất trong mảng', N'Trung bình', N'Viết hàm nhận vào một mảng số nguyên và trả về số lớn nhất trong mảng.', N'["Định nghĩa hàm đúng cú pháp.","Tìm số lớn nhất trong mảng và trả về kết quả.","Kiểm tra dữ liệu đầu vào hợp lệ.","Chú thích mã nguồn rõ ràng."]', N'[{"name":"Core correctness (logic)","points":6,"note":"Đầu ra và hành vi đúng theo yêu cầu"},{"name":"Input validation","points":2,"note":"Kiểm tra dữ liệu đầu vào hợp lệ"},{"name":"Edge cases","points":1,"note":"Các trường hợp biên đơn giản"},{"name":"Code clarity & comments","points":1,"note":"Mã sạch, có chú thích"}]', N'[]', N'*.c hoặc *.cpp hoặc *.py', N'', N'', 10, N'Core correctness (logic): | Input validation: | Edge cases: | Code clarity & comments:');
INSERT INTO dbo.Exercises (id, subject_id, form_id, title, difficulty, description, requirements, grading_criteria, attached_files, submission_format, example_input, example_output, grading_total, grading_summary) VALUES (N'CS102-1-12', N'CS102', N'2', N'[Dễ] Bài 12: Viết hàm tìm số nhỏ nhất trong mảng', N'Trung bình', N'Viết hàm nhận vào một mảng số nguyên và trả về số nhỏ nhất trong mảng.', N'["Định nghĩa hàm đúng cú pháp.","Tìm số nhỏ nhất trong mảng và trả về kết quả.","Kiểm tra dữ liệu đầu vào hợp lệ.","Chú thích mã nguồn rõ ràng."]', N'[{"name":"Core correctness (logic)","points":6,"note":"Đầu ra và hành vi đúng theo yêu cầu"},{"name":"Input validation","points":2,"note":"Kiểm tra dữ liệu đầu vào hợp lệ"},{"name":"Edge cases","points":1,"note":"Các trường hợp biên đơn giản"},{"name":"Code clarity & comments","points":1,"note":"Mã sạch, có chú thích"}]', N'[]', N'*.c hoặc *.cpp hoặc *.py', N'', N'', 10, N'Core correctness (logic): | Input validation: | Edge cases: | Code clarity & comments:');
INSERT INTO dbo.Forms (form_id, subject_id, name, difficulty, exercise_count) VALUES (N'3', N'CS102', N'Nâng cao', N'Khó', 10);
INSERT INTO dbo.Exercises (id, subject_id, form_id, title, difficulty, description, requirements, grading_criteria, attached_files, submission_format, example_input, example_output, grading_total, grading_summary) VALUES (N'CS102-2-1', N'CS102', N'3', N'[Trung bình] Bài 1: Viết hàm kiểm tra số nguyên tố', N'Khó', N'Viết hàm nhận vào một số nguyên và kiểm tra số đó có phải là số nguyên tố không.', N'["Định nghĩa hàm đúng cú pháp.","Kiểm tra số nguyên tố bằng thuật toán hợp lý.","Trả về kết quả đúng.","Chú thích mã nguồn rõ ràng."]', N'[{"name":"Core correctness (logic)","points":8,"note":"Đúng và đầy đủ yêu cầu đề bài"},{"name":"Input validation","points":2,"note":"Xử lý trường hợp nhập sai"},{"name":"Edge cases","points":2,"note":"Kiểm thử với các biên"},{"name":"Design & modularity","points":2,"note":"Tách chức năng hợp lý"},{"name":"Code clarity & comments","points":1,"note":"Đặt tên rõ ràng, có chú thích"}]', N'[]', N'*.c hoặc *.cpp hoặc *.py', N'', N'', 15, N'Core correctness (logic): | Input validation: | Edge cases: | Design & modularity: | Code clarity & comments:');
INSERT INTO dbo.Exercises (id, subject_id, form_id, title, difficulty, description, requirements, grading_criteria, attached_files, submission_format, example_input, example_output, grading_total, grading_summary) VALUES (N'CS102-2-2', N'CS102', N'3', N'[Trung bình] Bài 2: Viết hàm sắp xếp mảng tăng dần', N'Khó', N'Viết hàm nhận vào một mảng số nguyên và trả về mảng đã sắp xếp tăng dần.', N'["Định nghĩa hàm đúng cú pháp.","Sắp xếp mảng tăng dần bằng thuật toán hợp lý.","Trả về mảng đã sắp xếp.","Chú thích mã nguồn rõ ràng."]', N'[{"name":"Core correctness (logic)","points":8,"note":"Đúng và đầy đủ yêu cầu đề bài"},{"name":"Input validation","points":2,"note":"Xử lý trường hợp nhập sai"},{"name":"Edge cases","points":2,"note":"Kiểm thử với các biên"},{"name":"Design & modularity","points":2,"note":"Tách chức năng hợp lý"},{"name":"Code clarity & comments","points":1,"note":"Đặt tên rõ ràng, có chú thích"}]', N'[]', N'*.c hoặc *.cpp hoặc *.py', N'', N'', 15, N'Core correctness (logic): | Input validation: | Edge cases: | Design & modularity: | Code clarity & comments:');
INSERT INTO dbo.Exercises (id, subject_id, form_id, title, difficulty, description, requirements, grading_criteria, attached_files, submission_format, example_input, example_output, grading_total, grading_summary) VALUES (N'CS102-2-3', N'CS102', N'3', N'[Trung bình] Bài 3: Viết hàm tìm số lớn thứ hai trong mảng', N'Khó', N'Viết hàm nhận vào một mảng số nguyên và trả về số lớn thứ hai trong mảng.', N'["Định nghĩa hàm đúng cú pháp.","Tìm số lớn thứ hai bằng thuật toán hợp lý.","Trả về kết quả đúng.","Chú thích mã nguồn rõ ràng."]', N'[{"name":"Core correctness (logic)","points":8,"note":"Đúng và đầy đủ yêu cầu đề bài"},{"name":"Input validation","points":2,"note":"Xử lý trường hợp nhập sai"},{"name":"Edge cases","points":2,"note":"Kiểm thử với các biên"},{"name":"Design & modularity","points":2,"note":"Tách chức năng hợp lý"},{"name":"Code clarity & comments","points":1,"note":"Đặt tên rõ ràng, có chú thích"}]', N'[]', N'*.c hoặc *.cpp hoặc *.py', N'', N'', 15, N'Core correctness (logic): | Input validation: | Edge cases: | Design & modularity: | Code clarity & comments:');
INSERT INTO dbo.Exercises (id, subject_id, form_id, title, difficulty, description, requirements, grading_criteria, attached_files, submission_format, example_input, example_output, grading_total, grading_summary) VALUES (N'CS102-2-4', N'CS102', N'3', N'[Trung bình] Bài 4: Viết hàm tính tổng các số chia hết cho 3 trong mảng', N'Khó', N'Viết hàm nhận vào một mảng số nguyên và trả về tổng các số chia hết cho 3 trong mảng.', N'["Định nghĩa hàm đúng cú pháp.","Tính tổng các số chia hết cho 3 trong mảng.","Trả về kết quả đúng.","Chú thích mã nguồn rõ ràng."]', N'[{"name":"Core correctness (logic)","points":8,"note":"Đúng và đầy đủ yêu cầu đề bài"},{"name":"Input validation","points":2,"note":"Xử lý trường hợp nhập sai"},{"name":"Edge cases","points":2,"note":"Kiểm thử với các biên"},{"name":"Design & modularity","points":2,"note":"Tách chức năng hợp lý"},{"name":"Code clarity & comments","points":1,"note":"Đặt tên rõ ràng, có chú thích"}]', N'[]', N'*.c hoặc *.cpp hoặc *.py', N'', N'', 15, N'Core correctness (logic): | Input validation: | Edge cases: | Design & modularity: | Code clarity & comments:');
INSERT INTO dbo.Exercises (id, subject_id, form_id, title, difficulty, description, requirements, grading_criteria, attached_files, submission_format, example_input, example_output, grading_total, grading_summary) VALUES (N'CS102-2-5', N'CS102', N'3', N'[Trung bình] Bài 5: Viết hàm đếm số lượng số nguyên tố trong mảng', N'Khó', N'Viết hàm nhận vào một mảng số nguyên và trả về số lượng số nguyên tố trong mảng.', N'["Định nghĩa hàm đúng cú pháp.","Kiểm tra và đếm số nguyên tố trong mảng.","Trả về kết quả đúng.","Chú thích mã nguồn rõ ràng."]', N'[{"name":"Core correctness (logic)","points":8,"note":"Đúng và đầy đủ yêu cầu đề bài"},{"name":"Input validation","points":2,"note":"Xử lý trường hợp nhập sai"},{"name":"Edge cases","points":2,"note":"Kiểm thử với các biên"},{"name":"Design & modularity","points":2,"note":"Tách chức năng hợp lý"},{"name":"Code clarity & comments","points":1,"note":"Đặt tên rõ ràng, có chú thích"}]', N'[]', N'*.c hoặc *.cpp hoặc *.py', N'', N'', 15, N'Core correctness (logic): | Input validation: | Edge cases: | Design & modularity: | Code clarity & comments:');
INSERT INTO dbo.Exercises (id, subject_id, form_id, title, difficulty, description, requirements, grading_criteria, attached_files, submission_format, example_input, example_output, grading_total, grading_summary) VALUES (N'CS102-2-6', N'CS102', N'3', N'[Trung bình] Bài 6: Viết hàm tìm phần tử xuất hiện nhiều nhất trong mảng', N'Khó', N'Viết hàm nhận vào một mảng số nguyên và trả về phần tử xuất hiện nhiều nhất trong mảng.', N'["Định nghĩa hàm đúng cú pháp.","Tìm phần tử xuất hiện nhiều nhất bằng thuật toán hợp lý.","Trả về kết quả đúng.","Chú thích mã nguồn rõ ràng."]', N'[{"name":"Core correctness (logic)","points":8,"note":"Đúng và đầy đủ yêu cầu đề bài"},{"name":"Input validation","points":2,"note":"Xử lý trường hợp nhập sai"},{"name":"Edge cases","points":2,"note":"Kiểm thử với các biên"},{"name":"Design & modularity","points":2,"note":"Tách chức năng hợp lý"},{"name":"Code clarity & comments","points":1,"note":"Đặt tên rõ ràng, có chú thích"}]', N'[]', N'*.c hoặc *.cpp hoặc *.py', N'', N'', 15, N'Core correctness (logic): | Input validation: | Edge cases: | Design & modularity: | Code clarity & comments:');
INSERT INTO dbo.Exercises (id, subject_id, form_id, title, difficulty, description, requirements, grading_criteria, attached_files, submission_format, example_input, example_output, grading_total, grading_summary) VALUES (N'CS102-2-7', N'CS102', N'3', N'[Trung bình] Bài 7: Viết hàm tính tổng các số lẻ trong mảng', N'Khó', N'Viết hàm nhận vào một mảng số nguyên và trả về tổng các số lẻ trong mảng.', N'["Định nghĩa hàm đúng cú pháp.","Tính tổng các số lẻ trong mảng.","Trả về kết quả đúng.","Chú thích mã nguồn rõ ràng."]', N'[{"name":"Core correctness (logic)","points":8,"note":"Đúng và đầy đủ yêu cầu đề bài"},{"name":"Input validation","points":2,"note":"Xử lý trường hợp nhập sai"},{"name":"Edge cases","points":2,"note":"Kiểm thử với các biên"},{"name":"Design & modularity","points":2,"note":"Tách chức năng hợp lý"},{"name":"Code clarity & comments","points":1,"note":"Đặt tên rõ ràng, có chú thích"}]', N'[]', N'*.c hoặc *.cpp hoặc *.py', N'', N'', 15, N'Core correctness (logic): | Input validation: | Edge cases: | Design & modularity: | Code clarity & comments:');
INSERT INTO dbo.Exercises (id, subject_id, form_id, title, difficulty, description, requirements, grading_criteria, attached_files, submission_format, example_input, example_output, grading_total, grading_summary) VALUES (N'CS102-2-8', N'CS102', N'3', N'[Trung bình] Bài 8: Viết hàm tìm số âm lớn nhất trong mảng', N'Khó', N'Viết hàm nhận vào một mảng số nguyên và trả về số âm lớn nhất trong mảng.', N'["Định nghĩa hàm đúng cú pháp.","Tìm số âm lớn nhất bằng thuật toán hợp lý.","Trả về kết quả đúng.","Chú thích mã nguồn rõ ràng."]', N'[{"name":"Core correctness (logic)","points":8,"note":"Đúng và đầy đủ yêu cầu đề bài"},{"name":"Input validation","points":2,"note":"Xử lý trường hợp nhập sai"},{"name":"Edge cases","points":2,"note":"Kiểm thử với các biên"},{"name":"Design & modularity","points":2,"note":"Tách chức năng hợp lý"},{"name":"Code clarity & comments","points":1,"note":"Đặt tên rõ ràng, có chú thích"}]', N'[]', N'*.c hoặc *.cpp hoặc *.py', N'', N'', 15, N'Core correctness (logic): | Input validation: | Edge cases: | Design & modularity: | Code clarity & comments:');
INSERT INTO dbo.Exercises (id, subject_id, form_id, title, difficulty, description, requirements, grading_criteria, attached_files, submission_format, example_input, example_output, grading_total, grading_summary) VALUES (N'CS102-2-9', N'CS102', N'3', N'[Trung bình] Bài 9: Viết hàm tính tổng các số lớn hơn x trong mảng', N'Khó', N'Viết hàm nhận vào một mảng số nguyên và số x, trả về tổng các số lớn hơn x trong mảng.', N'["Định nghĩa hàm đúng cú pháp.","Tính tổng các số lớn hơn x trong mảng.","Trả về kết quả đúng.","Chú thích mã nguồn rõ ràng."]', N'[{"name":"Core correctness (logic)","points":8,"note":"Đúng và đầy đủ yêu cầu đề bài"},{"name":"Input validation","points":2,"note":"Xử lý trường hợp nhập sai"},{"name":"Edge cases","points":2,"note":"Kiểm thử với các biên"},{"name":"Design & modularity","points":2,"note":"Tách chức năng hợp lý"},{"name":"Code clarity & comments","points":1,"note":"Đặt tên rõ ràng, có chú thích"}]', N'[]', N'*.c hoặc *.cpp hoặc *.py', N'', N'', 15, N'Core correctness (logic): | Input validation: | Edge cases: | Design & modularity: | Code clarity & comments:');
INSERT INTO dbo.Exercises (id, subject_id, form_id, title, difficulty, description, requirements, grading_criteria, attached_files, submission_format, example_input, example_output, grading_total, grading_summary) VALUES (N'CS102-2-10', N'CS102', N'3', N'[Trung bình] Bài 10: Viết hàm tìm số đảo ngược lớn nhất trong mảng', N'Khó', N'Viết hàm nhận vào một mảng số nguyên, đảo ngược từng số và trả về số đảo ngược lớn nhất trong mảng.', N'["Định nghĩa hàm đúng cú pháp.","Đảo ngược từng số và tìm số đảo ngược lớn nhất.","Trả về kết quả đúng.","Chú thích mã nguồn rõ ràng."]', N'[{"name":"Core correctness (logic)","points":8,"note":"Đúng và đầy đủ yêu cầu đề bài"},{"name":"Input validation","points":2,"note":"Xử lý trường hợp nhập sai"},{"name":"Edge cases","points":2,"note":"Kiểm thử với các biên"},{"name":"Design & modularity","points":2,"note":"Tách chức năng hợp lý"},{"name":"Code clarity & comments","points":1,"note":"Đặt tên rõ ràng, có chú thích"}]', N'[]', N'*.c hoặc *.cpp hoặc *.py', N'', N'', 15, N'Core correctness (logic): | Input validation: | Edge cases: | Design & modularity: | Code clarity & comments:');
INSERT INTO dbo.Subjects (subject_id, subject_name, description, total_exercises) VALUES (N'CS201', N'Cấu trúc Dữ liệu & Giải thuật (DSA)', N'Học các cấu trúc dữ liệu nền tảng (mảng, danh sách, cây, đồ thị) và thuật toán tìm kiếm, sắp xếp, tối ưu cơ bản.', 30);
INSERT INTO dbo.Forms (form_id, subject_id, name, difficulty, exercise_count) VALUES (N'1', N'CS201', N'Cơ bản', N'Dễ', 8);
INSERT INTO dbo.Exercises (id, subject_id, form_id, title, difficulty, description, requirements, grading_criteria, attached_files, submission_format, example_input, example_output, grading_total, grading_summary) VALUES (N'CS102-3-1', N'CS201', N'1', N'[Khó] Bài 1: Viết hàm tìm dãy con liên tiếp có tổng lớn nhất trong mảng', N'Dễ', N'Viết hàm nhận vào một mảng số nguyên, tìm dãy con liên tiếp có tổng lớn nhất và trả về tổng đó cùng vị trí bắt đầu, kết thúc của dãy con.', N'["Định nghĩa hàm đúng cú pháp.","Tìm dãy con liên tiếp có tổng lớn nhất bằng thuật toán tối ưu.","Trả về tổng, vị trí bắt đầu và kết thúc của dãy con.","Chú thích mã nguồn rõ ràng."]', N'[{"name":"Core correctness (logic)","points":10,"note":"Hoàn toàn đúng cho tập test mở rộng"},{"name":"Input validation & error handling","points":2,"note":"Xử lý mọi trường hợp đầu vào không hợp lệ"},{"name":"Edge cases & robustness","points":2,"note":"Các trường hợp biên phức tạp"},{"name":"Algorithmic efficiency & scalability","points":4,"note":"Độ phức tạp phù hợp và tối ưu cho dữ liệu lớn"},{"name":"Design & architecture (modularity)","points":1,"note":"Thiết kế rõ ràng, dễ mở rộng"},{"name":"Code quality & documentation","points":1,"note":"Mã sạch, có tài liệu/nhận xét hợp lý"}]', N'[]', N'*.c hoặc *.cpp hoặc *.py', N'', N'', 20, N'Core correctness (logic): | Input validation & error handling: | Edge cases & robustness: | Algorithmic efficiency & scalability: | Design & architecture (modularity): | Code quality & documentation:');
INSERT INTO dbo.Exercises (id, subject_id, form_id, title, difficulty, description, requirements, grading_criteria, attached_files, submission_format, example_input, example_output, grading_total, grading_summary) VALUES (N'CS102-3-2', N'CS201', N'1', N'[Khó] Bài 2: Viết hàm tìm số xuất hiện duy nhất trong mảng', N'Dễ', N'Viết hàm nhận vào một mảng số nguyên, tìm số chỉ xuất hiện duy nhất một lần trong mảng.', N'["Định nghĩa hàm đúng cú pháp.","Tìm số xuất hiện duy nhất bằng thuật toán tối ưu.","Trả về kết quả đúng.","Chú thích mã nguồn rõ ràng."]', N'[{"name":"Core correctness (logic)","points":10,"note":"Hoàn toàn đúng cho tập test mở rộng"},{"name":"Input validation & error handling","points":2,"note":"Xử lý mọi trường hợp đầu vào không hợp lệ"},{"name":"Edge cases & robustness","points":2,"note":"Các trường hợp biên phức tạp"},{"name":"Algorithmic efficiency & scalability","points":4,"note":"Độ phức tạp phù hợp và tối ưu cho dữ liệu lớn"},{"name":"Design & architecture (modularity)","points":1,"note":"Thiết kế rõ ràng, dễ mở rộng"},{"name":"Code quality & documentation","points":1,"note":"Mã sạch, có tài liệu/nhận xét hợp lý"}]', N'[]', N'*.c hoặc *.cpp hoặc *.py', N'', N'', 20, N'Core correctness (logic): | Input validation & error handling: | Edge cases & robustness: | Algorithmic efficiency & scalability: | Design & architecture (modularity): | Code quality & documentation:');
INSERT INTO dbo.Exercises (id, subject_id, form_id, title, difficulty, description, requirements, grading_criteria, attached_files, submission_format, example_input, example_output, grading_total, grading_summary) VALUES (N'CS102-3-3', N'CS201', N'1', N'[Khó] Bài 3: Viết hàm tìm chuỗi tăng dài nhất trong mảng', N'Dễ', N'Viết hàm nhận vào một mảng số nguyên, tìm chuỗi tăng dài nhất và trả về chuỗi đó cùng độ dài.', N'["Định nghĩa hàm đúng cú pháp.","Tìm chuỗi tăng dài nhất bằng thuật toán tối ưu.","Trả về chuỗi và độ dài đúng.","Chú thích mã nguồn rõ ràng."]', N'[{"name":"Core correctness (logic)","points":10,"note":"Hoàn toàn đúng cho tập test mở rộng"},{"name":"Input validation & error handling","points":2,"note":"Xử lý mọi trường hợp đầu vào không hợp lệ"},{"name":"Edge cases & robustness","points":2,"note":"Các trường hợp biên phức tạp"},{"name":"Algorithmic efficiency & scalability","points":4,"note":"Độ phức tạp phù hợp và tối ưu cho dữ liệu lớn"},{"name":"Design & architecture (modularity)","points":1,"note":"Thiết kế rõ ràng, dễ mở rộng"},{"name":"Code quality & documentation","points":1,"note":"Mã sạch, có tài liệu/nhận xét hợp lý"}]', N'[]', N'*.c hoặc *.cpp hoặc *.py', N'', N'', 20, N'Core correctness (logic): | Input validation & error handling: | Edge cases & robustness: | Algorithmic efficiency & scalability: | Design & architecture (modularity): | Code quality & documentation:');
INSERT INTO dbo.Exercises (id, subject_id, form_id, title, difficulty, description, requirements, grading_criteria, attached_files, submission_format, example_input, example_output, grading_total, grading_summary) VALUES (N'CS102-3-4', N'CS201', N'1', N'[Khó] Bài 4: Viết hàm tìm số xuất hiện nhiều nhất trong mảng lớn', N'Dễ', N'Viết hàm nhận vào một mảng số nguyên lớn (n > 1000), tìm số xuất hiện nhiều nhất và số lần xuất hiện.', N'["Định nghĩa hàm đúng cú pháp.","Tìm số xuất hiện nhiều nhất bằng thuật toán tối ưu.","Trả về kết quả đúng.","Chú thích mã nguồn rõ ràng."]', N'[{"name":"Core correctness (logic)","points":10,"note":"Hoàn toàn đúng cho tập test mở rộng"},{"name":"Input validation & error handling","points":2,"note":"Xử lý mọi trường hợp đầu vào không hợp lệ"},{"name":"Edge cases & robustness","points":2,"note":"Các trường hợp biên phức tạp"},{"name":"Algorithmic efficiency & scalability","points":4,"note":"Độ phức tạp phù hợp và tối ưu cho dữ liệu lớn"},{"name":"Design & architecture (modularity)","points":1,"note":"Thiết kế rõ ràng, dễ mở rộng"},{"name":"Code quality & documentation","points":1,"note":"Mã sạch, có tài liệu/nhận xét hợp lý"}]', N'[]', N'*.c hoặc *.cpp hoặc *.py', N'', N'', 20, N'Core correctness (logic): | Input validation & error handling: | Edge cases & robustness: | Algorithmic efficiency & scalability: | Design & architecture (modularity): | Code quality & documentation:');
INSERT INTO dbo.Exercises (id, subject_id, form_id, title, difficulty, description, requirements, grading_criteria, attached_files, submission_format, example_input, example_output, grading_total, grading_summary) VALUES (N'CS102-3-5', N'CS201', N'1', N'[Khó] Bài 5: Viết hàm tìm dãy con có tổng bằng S cho trước', N'Dễ', N'Viết hàm nhận vào một mảng số nguyên và số S, tìm tất cả dãy con liên tiếp có tổng bằng S.', N'["Định nghĩa hàm đúng cú pháp.","Tìm tất cả dãy con liên tiếp có tổng bằng S bằng thuật toán tối ưu.","Trả về kết quả đúng.","Chú thích mã nguồn rõ ràng."]', N'[{"name":"Core correctness (logic)","points":10,"note":"Hoàn toàn đúng cho tập test mở rộng"},{"name":"Input validation & error handling","points":2,"note":"Xử lý mọi trường hợp đầu vào không hợp lệ"},{"name":"Edge cases & robustness","points":2,"note":"Các trường hợp biên phức tạp"},{"name":"Algorithmic efficiency & scalability","points":4,"note":"Độ phức tạp phù hợp và tối ưu cho dữ liệu lớn"},{"name":"Design & architecture (modularity)","points":1,"note":"Thiết kế rõ ràng, dễ mở rộng"},{"name":"Code quality & documentation","points":1,"note":"Mã sạch, có tài liệu/nhận xét hợp lý"}]', N'[]', N'*.c hoặc *.cpp hoặc *.py', N'', N'', 20, N'Core correctness (logic): | Input validation & error handling: | Edge cases & robustness: | Algorithmic efficiency & scalability: | Design & architecture (modularity): | Code quality & documentation:');
INSERT INTO dbo.Exercises (id, subject_id, form_id, title, difficulty, description, requirements, grading_criteria, attached_files, submission_format, example_input, example_output, grading_total, grading_summary) VALUES (N'CS102-3-6', N'CS201', N'1', N'[Khó] Bài 6: Viết hàm tìm số lớn thứ k trong mảng', N'Dễ', N'Viết hàm nhận vào một mảng số nguyên và số k, tìm số lớn thứ k trong mảng.', N'["Định nghĩa hàm đúng cú pháp.","Tìm số lớn thứ k bằng thuật toán tối ưu.","Trả về kết quả đúng.","Chú thích mã nguồn rõ ràng."]', N'[{"name":"Core correctness (logic)","points":10,"note":"Hoàn toàn đúng cho tập test mở rộng"},{"name":"Input validation & error handling","points":2,"note":"Xử lý mọi trường hợp đầu vào không hợp lệ"},{"name":"Edge cases & robustness","points":2,"note":"Các trường hợp biên phức tạp"},{"name":"Algorithmic efficiency & scalability","points":4,"note":"Độ phức tạp phù hợp và tối ưu cho dữ liệu lớn"},{"name":"Design & architecture (modularity)","points":1,"note":"Thiết kế rõ ràng, dễ mở rộng"},{"name":"Code quality & documentation","points":1,"note":"Mã sạch, có tài liệu/nhận xét hợp lý"}]', N'[]', N'*.c hoặc *.cpp hoặc *.py', N'', N'', 20, N'Core correctness (logic): | Input validation & error handling: | Edge cases & robustness: | Algorithmic efficiency & scalability: | Design & architecture (modularity): | Code quality & documentation:');
INSERT INTO dbo.Exercises (id, subject_id, form_id, title, difficulty, description, requirements, grading_criteria, attached_files, submission_format, example_input, example_output, grading_total, grading_summary) VALUES (N'CS102-3-7', N'CS201', N'1', N'[Khó] Bài 7: Viết hàm tìm dãy con có tích lớn nhất trong mảng', N'Dễ', N'Viết hàm nhận vào một mảng số nguyên, tìm dãy con liên tiếp có tích lớn nhất và trả về tích đó cùng vị trí bắt đầu, kết thúc của dãy con.', N'["Định nghĩa hàm đúng cú pháp.","Tìm dãy con liên tiếp có tích lớn nhất bằng thuật toán tối ưu.","Trả về tích, vị trí bắt đầu và kết thúc của dãy con.","Chú thích mã nguồn rõ ràng."]', N'[{"name":"Core correctness (logic)","points":10,"note":"Hoàn toàn đúng cho tập test mở rộng"},{"name":"Input validation & error handling","points":2,"note":"Xử lý mọi trường hợp đầu vào không hợp lệ"},{"name":"Edge cases & robustness","points":2,"note":"Các trường hợp biên phức tạp"},{"name":"Algorithmic efficiency & scalability","points":4,"note":"Độ phức tạp phù hợp và tối ưu cho dữ liệu lớn"},{"name":"Design & architecture (modularity)","points":1,"note":"Thiết kế rõ ràng, dễ mở rộng"},{"name":"Code quality & documentation","points":1,"note":"Mã sạch, có tài liệu/nhận xét hợp lý"}]', N'[]', N'*.c hoặc *.cpp hoặc *.py', N'', N'', 20, N'Core correctness (logic): | Input validation & error handling: | Edge cases & robustness: | Algorithmic efficiency & scalability: | Design & architecture (modularity): | Code quality & documentation:');
INSERT INTO dbo.Exercises (id, subject_id, form_id, title, difficulty, description, requirements, grading_criteria, attached_files, submission_format, example_input, example_output, grading_total, grading_summary) VALUES (N'CS102-3-8', N'CS201', N'1', N'[Khó] Bài 8: Viết hàm tìm số xuất hiện nhiều nhất trong hai mảng hợp nhất', N'Dễ', N'Viết hàm nhận vào hai mảng số nguyên, hợp nhất hai mảng và tìm số xuất hiện nhiều nhất trong mảng hợp nhất.', N'["Định nghĩa hàm đúng cú pháp.","Hợp nhất hai mảng và tìm số xuất hiện nhiều nhất bằng thuật toán tối ưu.","Trả về kết quả đúng.","Chú thích mã nguồn rõ ràng."]', N'[{"name":"Core correctness (logic)","points":10,"note":"Hoàn toàn đúng cho tập test mở rộng"},{"name":"Input validation & error handling","points":2,"note":"Xử lý mọi trường hợp đầu vào không hợp lệ"},{"name":"Edge cases & robustness","points":2,"note":"Các trường hợp biên phức tạp"},{"name":"Algorithmic efficiency & scalability","points":4,"note":"Độ phức tạp phù hợp và tối ưu cho dữ liệu lớn"},{"name":"Design & architecture (modularity)","points":1,"note":"Thiết kế rõ ràng, dễ mở rộng"},{"name":"Code quality & documentation","points":1,"note":"Mã sạch, có tài liệu/nhận xét hợp lý"}]', N'[]', N'*.c hoặc *.cpp hoặc *.py', N'', N'', 20, N'Core correctness (logic): | Input validation & error handling: | Edge cases & robustness: | Algorithmic efficiency & scalability: | Design & architecture (modularity): | Code quality & documentation:');
INSERT INTO dbo.Forms (form_id, subject_id, name, difficulty, exercise_count) VALUES (N'2', N'CS201', N'Ứng dụng', N'Trung bình', 10);
INSERT INTO dbo.Exercises (id, subject_id, form_id, title, difficulty, description, requirements, grading_criteria, attached_files, submission_format, example_input, example_output, grading_total, grading_summary) VALUES (N'CS201-1-1', N'CS201', N'2', N'[Dễ] Bài 1: Cài đặt cấu trúc dữ liệu ngăn xếp (stack) bằng mảng', N'Trung bình', N'Viết chương trình cài đặt cấu trúc dữ liệu ngăn xếp sử dụng mảng, hỗ trợ các thao tác push, pop, top.', N'["Cài đặt đầy đủ các thao tác push, pop, top.","Kiểm tra dữ liệu đầu vào hợp lệ.","Hiển thị kết quả rõ ràng.","Chú thích mã nguồn rõ ràng."]', N'[{"name":"Core correctness (logic)","points":5,"note":"Chạy đúng các trường hợp chính"},{"name":"Input validation","points":1,"note":"Xử lý nhập sai / giới hạn đơn giản"},{"name":"Edge cases & robustness","points":1,"note":"Các trường hợp biên cơ bản"},{"name":"Algorithmic efficiency","points":2,"note":"Không quá kém về độ phức tạp cho dữ liệu nhỏ/ trung bình"},{"name":"Code clarity & comments","points":1,"note":"Mã đọc được, có chú thích cơ bản"}]', N'[]', N'*.cpp hoặc *.py', N'', N'', 10, N'Core correctness (logic): | Input validation: | Edge cases & robustness: | Algorithmic efficiency: | Code clarity & comments:');
INSERT INTO dbo.Exercises (id, subject_id, form_id, title, difficulty, description, requirements, grading_criteria, attached_files, submission_format, example_input, example_output, grading_total, grading_summary) VALUES (N'CS201-1-2', N'CS201', N'2', N'[Dễ] Bài 2: Cài đặt cấu trúc dữ liệu hàng đợi (queue) bằng mảng', N'Trung bình', N'Viết chương trình cài đặt cấu trúc dữ liệu hàng đợi sử dụng mảng, hỗ trợ các thao tác enqueue, dequeue, front.', N'["Cài đặt đầy đủ các thao tác enqueue, dequeue, front.","Kiểm tra dữ liệu đầu vào hợp lệ.","Hiển thị kết quả rõ ràng.","Chú thích mã nguồn rõ ràng."]', N'[{"name":"Core correctness (logic)","points":5,"note":"Chạy đúng các trường hợp chính"},{"name":"Input validation","points":1,"note":"Xử lý nhập sai / giới hạn đơn giản"},{"name":"Edge cases & robustness","points":1,"note":"Các trường hợp biên cơ bản"},{"name":"Algorithmic efficiency","points":2,"note":"Không quá kém về độ phức tạp cho dữ liệu nhỏ/ trung bình"},{"name":"Code clarity & comments","points":1,"note":"Mã đọc được, có chú thích cơ bản"}]', N'[]', N'*.cpp hoặc *.py', N'', N'', 10, N'Core correctness (logic): | Input validation: | Edge cases & robustness: | Algorithmic efficiency: | Code clarity & comments:');
INSERT INTO dbo.Exercises (id, subject_id, form_id, title, difficulty, description, requirements, grading_criteria, attached_files, submission_format, example_input, example_output, grading_total, grading_summary) VALUES (N'CS201-1-3', N'CS201', N'2', N'[Dễ] Bài 3: Cài đặt danh sách liên kết đơn (singly linked list)', N'Trung bình', N'Viết chương trình cài đặt danh sách liên kết đơn, hỗ trợ các thao tác thêm, xóa, duyệt danh sách.', N'["Cài đặt đầy đủ các thao tác thêm, xóa, duyệt danh sách.","Kiểm tra dữ liệu đầu vào hợp lệ.","Hiển thị kết quả rõ ràng.","Chú thích mã nguồn rõ ràng."]', N'[{"name":"Core correctness (logic)","points":5,"note":"Chạy đúng các trường hợp chính"},{"name":"Input validation","points":1,"note":"Xử lý nhập sai / giới hạn đơn giản"},{"name":"Edge cases & robustness","points":1,"note":"Các trường hợp biên cơ bản"},{"name":"Algorithmic efficiency","points":2,"note":"Không quá kém về độ phức tạp cho dữ liệu nhỏ/ trung bình"},{"name":"Code clarity & comments","points":1,"note":"Mã đọc được, có chú thích cơ bản"}]', N'[]', N'*.cpp hoặc *.py', N'', N'', 10, N'Core correctness (logic): | Input validation: | Edge cases & robustness: | Algorithmic efficiency: | Code clarity & comments:');
INSERT INTO dbo.Exercises (id, subject_id, form_id, title, difficulty, description, requirements, grading_criteria, attached_files, submission_format, example_input, example_output, grading_total, grading_summary) VALUES (N'CS201-1-4', N'CS201', N'2', N'[Dễ] Bài 4: Cài đặt danh sách liên kết kép (doubly linked list)', N'Trung bình', N'Viết chương trình cài đặt danh sách liên kết kép, hỗ trợ các thao tác thêm, xóa, duyệt danh sách.', N'["Cài đặt đầy đủ các thao tác thêm, xóa, duyệt danh sách.","Kiểm tra dữ liệu đầu vào hợp lệ.","Hiển thị kết quả rõ ràng.","Chú thích mã nguồn rõ ràng."]', N'[{"name":"Core correctness (logic)","points":5,"note":"Chạy đúng các trường hợp chính"},{"name":"Input validation","points":1,"note":"Xử lý nhập sai / giới hạn đơn giản"},{"name":"Edge cases & robustness","points":1,"note":"Các trường hợp biên cơ bản"},{"name":"Algorithmic efficiency","points":2,"note":"Không quá kém về độ phức tạp cho dữ liệu nhỏ/ trung bình"},{"name":"Code clarity & comments","points":1,"note":"Mã đọc được, có chú thích cơ bản"}]', N'[]', N'*.cpp hoặc *.py', N'', N'', 10, N'Core correctness (logic): | Input validation: | Edge cases & robustness: | Algorithmic efficiency: | Code clarity & comments:');
INSERT INTO dbo.Exercises (id, subject_id, form_id, title, difficulty, description, requirements, grading_criteria, attached_files, submission_format, example_input, example_output, grading_total, grading_summary) VALUES (N'CS201-1-5', N'CS201', N'2', N'[Dễ] Bài 5: Cài đặt cây nhị phân tìm kiếm (BST)', N'Trung bình', N'Viết chương trình cài đặt cây nhị phân tìm kiếm, hỗ trợ các thao tác thêm, xóa, tìm kiếm phần tử.', N'["Cài đặt đầy đủ các thao tác thêm, xóa, tìm kiếm phần tử.","Kiểm tra dữ liệu đầu vào hợp lệ.","Hiển thị kết quả rõ ràng.","Chú thích mã nguồn rõ ràng."]', N'[{"name":"Core correctness (logic)","points":5,"note":"Chạy đúng các trường hợp chính"},{"name":"Input validation","points":1,"note":"Xử lý nhập sai / giới hạn đơn giản"},{"name":"Edge cases & robustness","points":1,"note":"Các trường hợp biên cơ bản"},{"name":"Algorithmic efficiency","points":2,"note":"Không quá kém về độ phức tạp cho dữ liệu nhỏ/ trung bình"},{"name":"Code clarity & comments","points":1,"note":"Mã đọc được, có chú thích cơ bản"}]', N'[]', N'*.cpp hoặc *.py', N'', N'', 10, N'Core correctness (logic): | Input validation: | Edge cases & robustness: | Algorithmic efficiency: | Code clarity & comments:');
INSERT INTO dbo.Exercises (id, subject_id, form_id, title, difficulty, description, requirements, grading_criteria, attached_files, submission_format, example_input, example_output, grading_total, grading_summary) VALUES (N'CS201-1-6', N'CS201', N'2', N'[Dễ] Bài 6: Cài đặt thuật toán tìm kiếm tuyến tính trong mảng', N'Trung bình', N'Viết chương trình cài đặt thuật toán tìm kiếm tuyến tính trong mảng số nguyên.', N'["Cài đặt thuật toán tìm kiếm tuyến tính.","Kiểm tra dữ liệu đầu vào hợp lệ.","Hiển thị kết quả rõ ràng.","Chú thích mã nguồn rõ ràng."]', N'[{"name":"Core correctness (logic)","points":5,"note":"Chạy đúng các trường hợp chính"},{"name":"Input validation","points":1,"note":"Xử lý nhập sai / giới hạn đơn giản"},{"name":"Edge cases & robustness","points":1,"note":"Các trường hợp biên cơ bản"},{"name":"Algorithmic efficiency","points":2,"note":"Không quá kém về độ phức tạp cho dữ liệu nhỏ/ trung bình"},{"name":"Code clarity & comments","points":1,"note":"Mã đọc được, có chú thích cơ bản"}]', N'[]', N'*.cpp hoặc *.py', N'', N'', 10, N'Core correctness (logic): | Input validation: | Edge cases & robustness: | Algorithmic efficiency: | Code clarity & comments:');
INSERT INTO dbo.Exercises (id, subject_id, form_id, title, difficulty, description, requirements, grading_criteria, attached_files, submission_format, example_input, example_output, grading_total, grading_summary) VALUES (N'CS201-1-7', N'CS201', N'2', N'[Dễ] Bài 7: Cài đặt thuật toán tìm kiếm nhị phân trong mảng đã sắp xếp', N'Trung bình', N'Viết chương trình cài đặt thuật toán tìm kiếm nhị phân trong mảng số nguyên đã sắp xếp.', N'["Cài đặt thuật toán tìm kiếm nhị phân.","Kiểm tra dữ liệu đầu vào hợp lệ.","Hiển thị kết quả rõ ràng.","Chú thích mã nguồn rõ ràng."]', N'[{"name":"Core correctness (logic)","points":5,"note":"Chạy đúng các trường hợp chính"},{"name":"Input validation","points":1,"note":"Xử lý nhập sai / giới hạn đơn giản"},{"name":"Edge cases & robustness","points":1,"note":"Các trường hợp biên cơ bản"},{"name":"Algorithmic efficiency","points":2,"note":"Không quá kém về độ phức tạp cho dữ liệu nhỏ/ trung bình"},{"name":"Code clarity & comments","points":1,"note":"Mã đọc được, có chú thích cơ bản"}]', N'[]', N'*.cpp hoặc *.py', N'', N'', 10, N'Core correctness (logic): | Input validation: | Edge cases & robustness: | Algorithmic efficiency: | Code clarity & comments:');
INSERT INTO dbo.Exercises (id, subject_id, form_id, title, difficulty, description, requirements, grading_criteria, attached_files, submission_format, example_input, example_output, grading_total, grading_summary) VALUES (N'CS201-1-8', N'CS201', N'2', N'[Dễ] Bài 8: Cài đặt thuật toán sắp xếp nổi bọt (Bubble Sort)', N'Trung bình', N'Viết chương trình cài đặt thuật toán sắp xếp nổi bọt cho mảng số nguyên.', N'["Cài đặt thuật toán sắp xếp nổi bọt.","Kiểm tra dữ liệu đầu vào hợp lệ.","Hiển thị kết quả rõ ràng.","Chú thích mã nguồn rõ ràng."]', N'[{"name":"Core correctness (logic)","points":5,"note":"Chạy đúng các trường hợp chính"},{"name":"Input validation","points":1,"note":"Xử lý nhập sai / giới hạn đơn giản"},{"name":"Edge cases & robustness","points":1,"note":"Các trường hợp biên cơ bản"},{"name":"Algorithmic efficiency","points":2,"note":"Không quá kém về độ phức tạp cho dữ liệu nhỏ/ trung bình"},{"name":"Code clarity & comments","points":1,"note":"Mã đọc được, có chú thích cơ bản"}]', N'[]', N'*.cpp hoặc *.py', N'', N'', 10, N'Core correctness (logic): | Input validation: | Edge cases & robustness: | Algorithmic efficiency: | Code clarity & comments:');
INSERT INTO dbo.Exercises (id, subject_id, form_id, title, difficulty, description, requirements, grading_criteria, attached_files, submission_format, example_input, example_output, grading_total, grading_summary) VALUES (N'CS201-1-9', N'CS201', N'2', N'[Dễ] Bài 9: Cài đặt thuật toán sắp xếp chọn (Selection Sort)', N'Trung bình', N'Viết chương trình cài đặt thuật toán sắp xếp chọn cho mảng số nguyên.', N'["Cài đặt thuật toán sắp xếp chọn.","Kiểm tra dữ liệu đầu vào hợp lệ.","Hiển thị kết quả rõ ràng.","Chú thích mã nguồn rõ ràng."]', N'[{"name":"Core correctness (logic)","points":5,"note":"Chạy đúng các trường hợp chính"},{"name":"Input validation","points":1,"note":"Xử lý nhập sai / giới hạn đơn giản"},{"name":"Edge cases & robustness","points":1,"note":"Các trường hợp biên cơ bản"},{"name":"Algorithmic efficiency","points":2,"note":"Không quá kém về độ phức tạp cho dữ liệu nhỏ/ trung bình"},{"name":"Code clarity & comments","points":1,"note":"Mã đọc được, có chú thích cơ bản"}]', N'[]', N'*.cpp hoặc *.py', N'', N'', 10, N'Core correctness (logic): | Input validation: | Edge cases & robustness: | Algorithmic efficiency: | Code clarity & comments:');
INSERT INTO dbo.Exercises (id, subject_id, form_id, title, difficulty, description, requirements, grading_criteria, attached_files, submission_format, example_input, example_output, grading_total, grading_summary) VALUES (N'CS201-1-10', N'CS201', N'2', N'[Dễ] Bài 10: Cài đặt thuật toán sắp xếp chèn (Insertion Sort)', N'Trung bình', N'Viết chương trình cài đặt thuật toán sắp xếp chèn cho mảng số nguyên.', N'["Cài đặt thuật toán sắp xếp chèn.","Kiểm tra dữ liệu đầu vào hợp lệ.","Hiển thị kết quả rõ ràng.","Chú thích mã nguồn rõ ràng."]', N'[{"name":"Core correctness (logic)","points":5,"note":"Chạy đúng các trường hợp chính"},{"name":"Input validation","points":1,"note":"Xử lý nhập sai / giới hạn đơn giản"},{"name":"Edge cases & robustness","points":1,"note":"Các trường hợp biên cơ bản"},{"name":"Algorithmic efficiency","points":2,"note":"Không quá kém về độ phức tạp cho dữ liệu nhỏ/ trung bình"},{"name":"Code clarity & comments","points":1,"note":"Mã đọc được, có chú thích cơ bản"}]', N'[]', N'*.cpp hoặc *.py', N'', N'', 10, N'Core correctness (logic): | Input validation: | Edge cases & robustness: | Algorithmic efficiency: | Code clarity & comments:');
INSERT INTO dbo.Forms (form_id, subject_id, name, difficulty, exercise_count) VALUES (N'3', N'CS201', N'Nâng cao', N'Khó', 10);
INSERT INTO dbo.Exercises (id, subject_id, form_id, title, difficulty, description, requirements, grading_criteria, attached_files, submission_format, example_input, example_output, grading_total, grading_summary) VALUES (N'CS201-2-1', N'CS201', N'3', N'[Trung bình] Bài 1: Cài đặt thuật toán tìm kiếm trên cây nhị phân tìm kiếm (BST)', N'Khó', N'Viết chương trình cài đặt thuật toán tìm kiếm phần tử trên cây nhị phân tìm kiếm.', N'["Cài đặt thuật toán tìm kiếm trên BST.","Kiểm tra dữ liệu đầu vào hợp lệ.","Hiển thị kết quả rõ ràng.","Chú thích mã nguồn rõ ràng."]', N'[{"name":"Core correctness (logic)","points":7,"note":"Đúng với đa số test, bao gồm các trường hợp phức hơn"},{"name":"Input validation","points":2,"note":"Xử lý nhập sai/biên độ"},{"name":"Edge cases & robustness","points":2,"note":"Các trường hợp biên và dữ liệu đặc biệt"},{"name":"Algorithmic efficiency","points":3,"note":"Giải pháp có độ phức tạp phù hợp với đề"},{"name":"Design & modularity","points":1,"note":"Hàm/mô-đun tách bạch, tái sử dụng được"}]', N'[]', N'*.cpp hoặc *.py', N'', N'', 15, N'Core correctness (logic): | Input validation: | Edge cases & robustness: | Algorithmic efficiency: | Design & modularity:');
INSERT INTO dbo.Exercises (id, subject_id, form_id, title, difficulty, description, requirements, grading_criteria, attached_files, submission_format, example_input, example_output, grading_total, grading_summary) VALUES (N'CS201-2-2', N'CS201', N'3', N'[Trung bình] Bài 2: Cài đặt thuật toán duyệt cây theo thứ tự trước (Preorder)', N'Khó', N'Viết chương trình cài đặt thuật toán duyệt cây nhị phân theo thứ tự trước (Preorder Traversal).', N'["Cài đặt thuật toán duyệt cây Preorder.","Kiểm tra dữ liệu đầu vào hợp lệ.","Hiển thị kết quả rõ ràng.","Chú thích mã nguồn rõ ràng."]', N'[{"name":"Core correctness (logic)","points":7,"note":"Đúng với đa số test, bao gồm các trường hợp phức hơn"},{"name":"Input validation","points":2,"note":"Xử lý nhập sai/biên độ"},{"name":"Edge cases & robustness","points":2,"note":"Các trường hợp biên và dữ liệu đặc biệt"},{"name":"Algorithmic efficiency","points":3,"note":"Giải pháp có độ phức tạp phù hợp với đề"},{"name":"Design & modularity","points":1,"note":"Hàm/mô-đun tách bạch, tái sử dụng được"}]', N'[]', N'*.cpp hoặc *.py', N'', N'', 15, N'Core correctness (logic): | Input validation: | Edge cases & robustness: | Algorithmic efficiency: | Design & modularity:');
INSERT INTO dbo.Exercises (id, subject_id, form_id, title, difficulty, description, requirements, grading_criteria, attached_files, submission_format, example_input, example_output, grading_total, grading_summary) VALUES (N'CS201-2-3', N'CS201', N'3', N'[Trung bình] Bài 3: Cài đặt thuật toán duyệt cây theo thứ tự giữa (Inorder)', N'Khó', N'Viết chương trình cài đặt thuật toán duyệt cây nhị phân theo thứ tự giữa (Inorder Traversal).', N'["Cài đặt thuật toán duyệt cây Inorder.","Kiểm tra dữ liệu đầu vào hợp lệ.","Hiển thị kết quả rõ ràng.","Chú thích mã nguồn rõ ràng."]', N'[{"name":"Core correctness (logic)","points":7,"note":"Đúng với đa số test, bao gồm các trường hợp phức hơn"},{"name":"Input validation","points":2,"note":"Xử lý nhập sai/biên độ"},{"name":"Edge cases & robustness","points":2,"note":"Các trường hợp biên và dữ liệu đặc biệt"},{"name":"Algorithmic efficiency","points":3,"note":"Giải pháp có độ phức tạp phù hợp với đề"},{"name":"Design & modularity","points":1,"note":"Hàm/mô-đun tách bạch, tái sử dụng được"}]', N'[]', N'*.cpp hoặc *.py', N'', N'', 15, N'Core correctness (logic): | Input validation: | Edge cases & robustness: | Algorithmic efficiency: | Design & modularity:');
INSERT INTO dbo.Exercises (id, subject_id, form_id, title, difficulty, description, requirements, grading_criteria, attached_files, submission_format, example_input, example_output, grading_total, grading_summary) VALUES (N'CS201-2-4', N'CS201', N'3', N'[Trung bình] Bài 4: Cài đặt thuật toán duyệt cây theo thứ tự sau (Postorder)', N'Khó', N'Viết chương trình cài đặt thuật toán duyệt cây nhị phân theo thứ tự sau (Postorder Traversal).', N'["Cài đặt thuật toán duyệt cây Postorder.","Kiểm tra dữ liệu đầu vào hợp lệ.","Hiển thị kết quả rõ ràng.","Chú thích mã nguồn rõ ràng."]', N'[{"name":"Core correctness (logic)","points":7,"note":"Đúng với đa số test, bao gồm các trường hợp phức hơn"},{"name":"Input validation","points":2,"note":"Xử lý nhập sai/biên độ"},{"name":"Edge cases & robustness","points":2,"note":"Các trường hợp biên và dữ liệu đặc biệt"},{"name":"Algorithmic efficiency","points":3,"note":"Giải pháp có độ phức tạp phù hợp với đề"},{"name":"Design & modularity","points":1,"note":"Hàm/mô-đun tách bạch, tái sử dụng được"}]', N'[]', N'*.cpp hoặc *.py', N'', N'', 15, N'Core correctness (logic): | Input validation: | Edge cases & robustness: | Algorithmic efficiency: | Design & modularity:');
INSERT INTO dbo.Exercises (id, subject_id, form_id, title, difficulty, description, requirements, grading_criteria, attached_files, submission_format, example_input, example_output, grading_total, grading_summary) VALUES (N'CS201-2-5', N'CS201', N'3', N'[Trung bình] Bài 5: Cài đặt thuật toán tìm đường đi ngắn nhất trên đồ thị không trọng số (BFS)', N'Khó', N'Viết chương trình cài đặt thuật toán BFS để tìm đường đi ngắn nhất trên đồ thị không trọng số.', N'["Cài đặt thuật toán BFS trên đồ thị không trọng số.","Kiểm tra dữ liệu đầu vào hợp lệ.","Hiển thị kết quả rõ ràng.","Chú thích mã nguồn rõ ràng."]', N'[{"name":"Core correctness (logic)","points":7,"note":"Đúng với đa số test, bao gồm các trường hợp phức hơn"},{"name":"Input validation","points":2,"note":"Xử lý nhập sai/biên độ"},{"name":"Edge cases & robustness","points":2,"note":"Các trường hợp biên và dữ liệu đặc biệt"},{"name":"Algorithmic efficiency","points":3,"note":"Giải pháp có độ phức tạp phù hợp với đề"},{"name":"Design & modularity","points":1,"note":"Hàm/mô-đun tách bạch, tái sử dụng được"}]', N'[]', N'*.cpp hoặc *.py', N'', N'', 15, N'Core correctness (logic): | Input validation: | Edge cases & robustness: | Algorithmic efficiency: | Design & modularity:');
INSERT INTO dbo.Exercises (id, subject_id, form_id, title, difficulty, description, requirements, grading_criteria, attached_files, submission_format, example_input, example_output, grading_total, grading_summary) VALUES (N'CS201-2-6', N'CS201', N'3', N'[Trung bình] Bài 6: Cài đặt thuật toán tìm đường đi ngắn nhất trên đồ thị có trọng số dương (Dijkstra)', N'Khó', N'Viết chương trình cài đặt thuật toán Dijkstra để tìm đường đi ngắn nhất trên đồ thị có trọng số dương.', N'["Cài đặt thuật toán Dijkstra trên đồ thị có trọng số dương.","Kiểm tra dữ liệu đầu vào hợp lệ.","Hiển thị kết quả rõ ràng.","Chú thích mã nguồn rõ ràng."]', N'[{"name":"Core correctness (logic)","points":7,"note":"Đúng với đa số test, bao gồm các trường hợp phức hơn"},{"name":"Input validation","points":2,"note":"Xử lý nhập sai/biên độ"},{"name":"Edge cases & robustness","points":2,"note":"Các trường hợp biên và dữ liệu đặc biệt"},{"name":"Algorithmic efficiency","points":3,"note":"Giải pháp có độ phức tạp phù hợp với đề"},{"name":"Design & modularity","points":1,"note":"Hàm/mô-đun tách bạch, tái sử dụng được"}]', N'[]', N'*.cpp hoặc *.py', N'', N'', 15, N'Core correctness (logic): | Input validation: | Edge cases & robustness: | Algorithmic efficiency: | Design & modularity:');
INSERT INTO dbo.Exercises (id, subject_id, form_id, title, difficulty, description, requirements, grading_criteria, attached_files, submission_format, example_input, example_output, grading_total, grading_summary) VALUES (N'CS201-2-7', N'CS201', N'3', N'[Trung bình] Bài 7: Cài đặt thuật toán sắp xếp nhanh (Quick Sort)', N'Khó', N'Viết chương trình cài đặt thuật toán sắp xếp nhanh cho mảng số nguyên.', N'["Cài đặt thuật toán sắp xếp nhanh.","Kiểm tra dữ liệu đầu vào hợp lệ.","Hiển thị kết quả rõ ràng.","Chú thích mã nguồn rõ ràng."]', N'[{"name":"Core correctness (logic)","points":7,"note":"Đúng với đa số test, bao gồm các trường hợp phức hơn"},{"name":"Input validation","points":2,"note":"Xử lý nhập sai/biên độ"},{"name":"Edge cases & robustness","points":2,"note":"Các trường hợp biên và dữ liệu đặc biệt"},{"name":"Algorithmic efficiency","points":3,"note":"Giải pháp có độ phức tạp phù hợp với đề"},{"name":"Design & modularity","points":1,"note":"Hàm/mô-đun tách bạch, tái sử dụng được"}]', N'[]', N'*.cpp hoặc *.py', N'', N'', 15, N'Core correctness (logic): | Input validation: | Edge cases & robustness: | Algorithmic efficiency: | Design & modularity:');
INSERT INTO dbo.Exercises (id, subject_id, form_id, title, difficulty, description, requirements, grading_criteria, attached_files, submission_format, example_input, example_output, grading_total, grading_summary) VALUES (N'CS201-2-8', N'CS201', N'3', N'[Trung bình] Bài 8: Cài đặt thuật toán sắp xếp vun đống (Heap Sort)', N'Khó', N'Viết chương trình cài đặt thuật toán sắp xếp vun đống cho mảng số nguyên.', N'["Cài đặt thuật toán sắp xếp vun đống.","Kiểm tra dữ liệu đầu vào hợp lệ.","Hiển thị kết quả rõ ràng.","Chú thích mã nguồn rõ ràng."]', N'[{"name":"Core correctness (logic)","points":7,"note":"Đúng với đa số test, bao gồm các trường hợp phức hơn"},{"name":"Input validation","points":2,"note":"Xử lý nhập sai/biên độ"},{"name":"Edge cases & robustness","points":2,"note":"Các trường hợp biên và dữ liệu đặc biệt"},{"name":"Algorithmic efficiency","points":3,"note":"Giải pháp có độ phức tạp phù hợp với đề"},{"name":"Design & modularity","points":1,"note":"Hàm/mô-đun tách bạch, tái sử dụng được"}]', N'[]', N'*.cpp hoặc *.py', N'', N'', 15, N'Core correctness (logic): | Input validation: | Edge cases & robustness: | Algorithmic efficiency: | Design & modularity:');
INSERT INTO dbo.Exercises (id, subject_id, form_id, title, difficulty, description, requirements, grading_criteria, attached_files, submission_format, example_input, example_output, grading_total, grading_summary) VALUES (N'CS201-2-9', N'CS201', N'3', N'[Trung bình] Bài 9: Cài đặt thuật toán sắp xếp trộn (Merge Sort)', N'Khó', N'Viết chương trình cài đặt thuật toán sắp xếp trộn cho mảng số nguyên.', N'["Cài đặt thuật toán sắp xếp trộn.","Kiểm tra dữ liệu đầu vào hợp lệ.","Hiển thị kết quả rõ ràng.","Chú thích mã nguồn rõ ràng."]', N'[{"name":"Core correctness (logic)","points":7,"note":"Đúng với đa số test, bao gồm các trường hợp phức hơn"},{"name":"Input validation","points":2,"note":"Xử lý nhập sai/biên độ"},{"name":"Edge cases & robustness","points":2,"note":"Các trường hợp biên và dữ liệu đặc biệt"},{"name":"Algorithmic efficiency","points":3,"note":"Giải pháp có độ phức tạp phù hợp với đề"},{"name":"Design & modularity","points":1,"note":"Hàm/mô-đun tách bạch, tái sử dụng được"}]', N'[]', N'*.cpp hoặc *.py', N'', N'', 15, N'Core correctness (logic): | Input validation: | Edge cases & robustness: | Algorithmic efficiency: | Design & modularity:');
INSERT INTO dbo.Exercises (id, subject_id, form_id, title, difficulty, description, requirements, grading_criteria, attached_files, submission_format, example_input, example_output, grading_total, grading_summary) VALUES (N'CS201-2-10', N'CS201', N'3', N'[Trung bình] Bài 10: Cài đặt thuật toán tìm chu trình trên đồ thị có hướng', N'Khó', N'Viết chương trình cài đặt thuật toán kiểm tra chu trình trên đồ thị có hướng.', N'["Cài đặt thuật toán kiểm tra chu trình trên đồ thị có hướng.","Kiểm tra dữ liệu đầu vào hợp lệ.","Hiển thị kết quả rõ ràng.","Chú thích mã nguồn rõ ràng."]', N'[{"name":"Core correctness (logic)","points":7,"note":"Đúng với đa số test, bao gồm các trường hợp phức hơn"},{"name":"Input validation","points":2,"note":"Xử lý nhập sai/biên độ"},{"name":"Edge cases & robustness","points":2,"note":"Các trường hợp biên và dữ liệu đặc biệt"},{"name":"Algorithmic efficiency","points":3,"note":"Giải pháp có độ phức tạp phù hợp với đề"},{"name":"Design & modularity","points":1,"note":"Hàm/mô-đun tách bạch, tái sử dụng được"}]', N'[]', N'*.cpp hoặc *.py', N'', N'', 15, N'Core correctness (logic): | Input validation: | Edge cases & robustness: | Algorithmic efficiency: | Design & modularity:');
INSERT INTO dbo.Subjects (subject_id, subject_name, description, total_exercises) VALUES (N'CS202', N'Lập trình Hướng Đối tượng (OOP)', N'Áp dụng nguyên lý OOP để thiết kế phần mềm: lớp, đối tượng, kế thừa, đóng gói và đa hình; thực hành qua bài tập hệ thống.', 30);
INSERT INTO dbo.Forms (form_id, subject_id, name, difficulty, exercise_count) VALUES (N'1', N'CS202', N'Cơ bản', N'Dễ', 10);
INSERT INTO dbo.Exercises (id, subject_id, form_id, title, difficulty, description, requirements, grading_criteria, attached_files, submission_format, example_input, example_output, grading_total, grading_summary) VALUES (N'CS201-3-1', N'CS202', N'1', N'[Khó] Bài 1: Cài đặt thuật toán tìm đường đi ngắn nhất Dijkstra trên đồ thị', N'Dễ', N'Viết chương trình cài đặt thuật toán Dijkstra để tìm đường đi ngắn nhất từ một đỉnh đến các đỉnh còn lại trên đồ thị có trọng số dương.', N'["Cài đặt cấu trúc dữ liệu đồ thị hợp lý.","Cài đặt thuật toán Dijkstra tối ưu.","Hiển thị kết quả rõ ràng.","Chú thích mã nguồn rõ ràng."]', N'[{"name":"Core correctness (logic)","points":10,"note":"Hoàn toàn đúng cho tập test mở rộng"},{"name":"Input validation & error handling","points":2,"note":"Xử lý mọi trường hợp đầu vào không hợp lệ"},{"name":"Edge cases & robustness","points":2,"note":"Các trường hợp biên phức tạp"},{"name":"Algorithmic efficiency & scalability","points":4,"note":"Độ phức tạp phù hợp và tối ưu cho dữ liệu lớn"},{"name":"Design & architecture (modularity)","points":1,"note":"Thiết kế rõ ràng, dễ mở rộng"},{"name":"Code quality & documentation","points":1,"note":"Mã sạch, có tài liệu/nhận xét hợp lý"}]', N'[]', N'*.cpp hoặc *.py', N'', N'', 20, N'Core correctness (logic): | Input validation & error handling: | Edge cases & robustness: | Algorithmic efficiency & scalability: | Design & architecture (modularity): | Code quality & documentation:');
INSERT INTO dbo.Exercises (id, subject_id, form_id, title, difficulty, description, requirements, grading_criteria, attached_files, submission_format, example_input, example_output, grading_total, grading_summary) VALUES (N'CS201-3-2', N'CS202', N'1', N'[Khó] Bài 2: Cài đặt thuật toán tìm chu trình Euler trên đồ thị vô hướng', N'Dễ', N'Viết chương trình cài đặt thuật toán tìm chu trình Euler trên đồ thị vô hướng.', N'["Cài đặt cấu trúc dữ liệu đồ thị hợp lý.","Cài đặt thuật toán tìm chu trình Euler tối ưu.","Hiển thị kết quả rõ ràng.","Chú thích mã nguồn rõ ràng."]', N'[{"name":"Core correctness (logic)","points":10,"note":"Hoàn toàn đúng cho tập test mở rộng"},{"name":"Input validation & error handling","points":2,"note":"Xử lý mọi trường hợp đầu vào không hợp lệ"},{"name":"Edge cases & robustness","points":2,"note":"Các trường hợp biên phức tạp"},{"name":"Algorithmic efficiency & scalability","points":4,"note":"Độ phức tạp phù hợp và tối ưu cho dữ liệu lớn"},{"name":"Design & architecture (modularity)","points":1,"note":"Thiết kế rõ ràng, dễ mở rộng"},{"name":"Code quality & documentation","points":1,"note":"Mã sạch, có tài liệu/nhận xét hợp lý"}]', N'[]', N'*.cpp hoặc *.py', N'', N'', 20, N'Core correctness (logic): | Input validation & error handling: | Edge cases & robustness: | Algorithmic efficiency & scalability: | Design & architecture (modularity): | Code quality & documentation:');
INSERT INTO dbo.Exercises (id, subject_id, form_id, title, difficulty, description, requirements, grading_criteria, attached_files, submission_format, example_input, example_output, grading_total, grading_summary) VALUES (N'CS201-3-3', N'CS202', N'1', N'[Khó] Bài 3: Cài đặt thuật toán tìm chu trình Hamilton trên đồ thị có hướng', N'Dễ', N'Viết chương trình cài đặt thuật toán tìm chu trình Hamilton trên đồ thị có hướng.', N'["Cài đặt cấu trúc dữ liệu đồ thị hợp lý.","Cài đặt thuật toán tìm chu trình Hamilton tối ưu.","Hiển thị kết quả rõ ràng.","Chú thích mã nguồn rõ ràng."]', N'[{"name":"Core correctness (logic)","points":10,"note":"Hoàn toàn đúng cho tập test mở rộng"},{"name":"Input validation & error handling","points":2,"note":"Xử lý mọi trường hợp đầu vào không hợp lệ"},{"name":"Edge cases & robustness","points":2,"note":"Các trường hợp biên phức tạp"},{"name":"Algorithmic efficiency & scalability","points":4,"note":"Độ phức tạp phù hợp và tối ưu cho dữ liệu lớn"},{"name":"Design & architecture (modularity)","points":1,"note":"Thiết kế rõ ràng, dễ mở rộng"},{"name":"Code quality & documentation","points":1,"note":"Mã sạch, có tài liệu/nhận xét hợp lý"}]', N'[]', N'*.cpp hoặc *.py', N'', N'', 20, N'Core correctness (logic): | Input validation & error handling: | Edge cases & robustness: | Algorithmic efficiency & scalability: | Design & architecture (modularity): | Code quality & documentation:');
INSERT INTO dbo.Exercises (id, subject_id, form_id, title, difficulty, description, requirements, grading_criteria, attached_files, submission_format, example_input, example_output, grading_total, grading_summary) VALUES (N'CS201-3-4', N'CS202', N'1', N'[Khó] Bài 4: Cài đặt thuật toán Kruskal tìm cây khung nhỏ nhất', N'Dễ', N'Viết chương trình cài đặt thuật toán Kruskal để tìm cây khung nhỏ nhất của đồ thị có trọng số.', N'["Cài đặt cấu trúc dữ liệu đồ thị hợp lý.","Cài đặt thuật toán Kruskal tối ưu.","Hiển thị kết quả rõ ràng.","Chú thích mã nguồn rõ ràng."]', N'[{"name":"Core correctness (logic)","points":10,"note":"Hoàn toàn đúng cho tập test mở rộng"},{"name":"Input validation & error handling","points":2,"note":"Xử lý mọi trường hợp đầu vào không hợp lệ"},{"name":"Edge cases & robustness","points":2,"note":"Các trường hợp biên phức tạp"},{"name":"Algorithmic efficiency & scalability","points":4,"note":"Độ phức tạp phù hợp và tối ưu cho dữ liệu lớn"},{"name":"Design & architecture (modularity)","points":1,"note":"Thiết kế rõ ràng, dễ mở rộng"},{"name":"Code quality & documentation","points":1,"note":"Mã sạch, có tài liệu/nhận xét hợp lý"}]', N'[]', N'*.cpp hoặc *.py', N'', N'', 20, N'Core correctness (logic): | Input validation & error handling: | Edge cases & robustness: | Algorithmic efficiency & scalability: | Design & architecture (modularity): | Code quality & documentation:');
INSERT INTO dbo.Exercises (id, subject_id, form_id, title, difficulty, description, requirements, grading_criteria, attached_files, submission_format, example_input, example_output, grading_total, grading_summary) VALUES (N'CS201-3-5', N'CS202', N'1', N'[Khó] Bài 5: Cài đặt thuật toán Prim tìm cây khung nhỏ nhất', N'Dễ', N'Viết chương trình cài đặt thuật toán Prim để tìm cây khung nhỏ nhất của đồ thị có trọng số.', N'["Cài đặt cấu trúc dữ liệu đồ thị hợp lý.","Cài đặt thuật toán Prim tối ưu.","Hiển thị kết quả rõ ràng.","Chú thích mã nguồn rõ ràng."]', N'[{"name":"Core correctness (logic)","points":10,"note":"Hoàn toàn đúng cho tập test mở rộng"},{"name":"Input validation & error handling","points":2,"note":"Xử lý mọi trường hợp đầu vào không hợp lệ"},{"name":"Edge cases & robustness","points":2,"note":"Các trường hợp biên phức tạp"},{"name":"Algorithmic efficiency & scalability","points":4,"note":"Độ phức tạp phù hợp và tối ưu cho dữ liệu lớn"},{"name":"Design & architecture (modularity)","points":1,"note":"Thiết kế rõ ràng, dễ mở rộng"},{"name":"Code quality & documentation","points":1,"note":"Mã sạch, có tài liệu/nhận xét hợp lý"}]', N'[]', N'*.cpp hoặc *.py', N'', N'', 20, N'Core correctness (logic): | Input validation & error handling: | Edge cases & robustness: | Algorithmic efficiency & scalability: | Design & architecture (modularity): | Code quality & documentation:');
INSERT INTO dbo.Exercises (id, subject_id, form_id, title, difficulty, description, requirements, grading_criteria, attached_files, submission_format, example_input, example_output, grading_total, grading_summary) VALUES (N'CS201-3-6', N'CS202', N'1', N'[Khó] Bài 6: Cài đặt thuật toán Ford-Fulkerson tìm luồng cực đại', N'Dễ', N'Viết chương trình cài đặt thuật toán Ford-Fulkerson để tìm luồng cực đại trên đồ thị có hướng.', N'["Cài đặt cấu trúc dữ liệu đồ thị hợp lý.","Cài đặt thuật toán Ford-Fulkerson tối ưu.","Hiển thị kết quả rõ ràng.","Chú thích mã nguồn rõ ràng."]', N'[{"name":"Core correctness (logic)","points":10,"note":"Hoàn toàn đúng cho tập test mở rộng"},{"name":"Input validation & error handling","points":2,"note":"Xử lý mọi trường hợp đầu vào không hợp lệ"},{"name":"Edge cases & robustness","points":2,"note":"Các trường hợp biên phức tạp"},{"name":"Algorithmic efficiency & scalability","points":4,"note":"Độ phức tạp phù hợp và tối ưu cho dữ liệu lớn"},{"name":"Design & architecture (modularity)","points":1,"note":"Thiết kế rõ ràng, dễ mở rộng"},{"name":"Code quality & documentation","points":1,"note":"Mã sạch, có tài liệu/nhận xét hợp lý"}]', N'[]', N'*.cpp hoặc *.py', N'', N'', 20, N'Core correctness (logic): | Input validation & error handling: | Edge cases & robustness: | Algorithmic efficiency & scalability: | Design & architecture (modularity): | Code quality & documentation:');
INSERT INTO dbo.Exercises (id, subject_id, form_id, title, difficulty, description, requirements, grading_criteria, attached_files, submission_format, example_input, example_output, grading_total, grading_summary) VALUES (N'CS201-3-7', N'CS202', N'1', N'[Khó] Bài 7: Cài đặt thuật toán Floyd-Warshall tìm đường đi ngắn nhất giữa mọi cặp đỉnh', N'Dễ', N'Viết chương trình cài đặt thuật toán Floyd-Warshall để tìm đường đi ngắn nhất giữa mọi cặp đỉnh trên đồ thị có trọng số.', N'["Cài đặt cấu trúc dữ liệu đồ thị hợp lý.","Cài đặt thuật toán Floyd-Warshall tối ưu.","Hiển thị kết quả rõ ràng.","Chú thích mã nguồn rõ ràng."]', N'[{"name":"Core correctness (logic)","points":10,"note":"Hoàn toàn đúng cho tập test mở rộng"},{"name":"Input validation & error handling","points":2,"note":"Xử lý mọi trường hợp đầu vào không hợp lệ"},{"name":"Edge cases & robustness","points":2,"note":"Các trường hợp biên phức tạp"},{"name":"Algorithmic efficiency & scalability","points":4,"note":"Độ phức tạp phù hợp và tối ưu cho dữ liệu lớn"},{"name":"Design & architecture (modularity)","points":1,"note":"Thiết kế rõ ràng, dễ mở rộng"},{"name":"Code quality & documentation","points":1,"note":"Mã sạch, có tài liệu/nhận xét hợp lý"}]', N'[]', N'*.cpp hoặc *.py', N'', N'', 20, N'Core correctness (logic): | Input validation & error handling: | Edge cases & robustness: | Algorithmic efficiency & scalability: | Design & architecture (modularity): | Code quality & documentation:');
INSERT INTO dbo.Exercises (id, subject_id, form_id, title, difficulty, description, requirements, grading_criteria, attached_files, submission_format, example_input, example_output, grading_total, grading_summary) VALUES (N'CS201-3-8', N'CS202', N'1', N'[Khó] Bài 8: Cài đặt thuật toán Kosaraju tìm các thành phần liên thông mạnh', N'Dễ', N'Viết chương trình cài đặt thuật toán Kosaraju để tìm các thành phần liên thông mạnh trên đồ thị có hướng.', N'["Cài đặt cấu trúc dữ liệu đồ thị hợp lý.","Cài đặt thuật toán Kosaraju tối ưu.","Hiển thị kết quả rõ ràng.","Chú thích mã nguồn rõ ràng."]', N'[{"name":"Core correctness (logic)","points":10,"note":"Hoàn toàn đúng cho tập test mở rộng"},{"name":"Input validation & error handling","points":2,"note":"Xử lý mọi trường hợp đầu vào không hợp lệ"},{"name":"Edge cases & robustness","points":2,"note":"Các trường hợp biên phức tạp"},{"name":"Algorithmic efficiency & scalability","points":4,"note":"Độ phức tạp phù hợp và tối ưu cho dữ liệu lớn"},{"name":"Design & architecture (modularity)","points":1,"note":"Thiết kế rõ ràng, dễ mở rộng"},{"name":"Code quality & documentation","points":1,"note":"Mã sạch, có tài liệu/nhận xét hợp lý"}]', N'[]', N'*.cpp hoặc *.py', N'', N'', 20, N'Core correctness (logic): | Input validation & error handling: | Edge cases & robustness: | Algorithmic efficiency & scalability: | Design & architecture (modularity): | Code quality & documentation:');
INSERT INTO dbo.Exercises (id, subject_id, form_id, title, difficulty, description, requirements, grading_criteria, attached_files, submission_format, example_input, example_output, grading_total, grading_summary) VALUES (N'CS201-3-9', N'CS202', N'1', N'[Khó] Bài 9: Cài đặt thuật toán Bellman-Ford tìm đường đi ngắn nhất', N'Dễ', N'Viết chương trình cài đặt thuật toán Bellman-Ford để tìm đường đi ngắn nhất từ một đỉnh đến các đỉnh còn lại trên đồ thị có trọng số âm.', N'["Cài đặt cấu trúc dữ liệu đồ thị hợp lý.","Cài đặt thuật toán Bellman-Ford tối ưu.","Hiển thị kết quả rõ ràng.","Chú thích mã nguồn rõ ràng."]', N'[{"name":"Core correctness (logic)","points":10,"note":"Hoàn toàn đúng cho tập test mở rộng"},{"name":"Input validation & error handling","points":2,"note":"Xử lý mọi trường hợp đầu vào không hợp lệ"},{"name":"Edge cases & robustness","points":2,"note":"Các trường hợp biên phức tạp"},{"name":"Algorithmic efficiency & scalability","points":4,"note":"Độ phức tạp phù hợp và tối ưu cho dữ liệu lớn"},{"name":"Design & architecture (modularity)","points":1,"note":"Thiết kế rõ ràng, dễ mở rộng"},{"name":"Code quality & documentation","points":1,"note":"Mã sạch, có tài liệu/nhận xét hợp lý"}]', N'[]', N'*.cpp hoặc *.py', N'', N'', 20, N'Core correctness (logic): | Input validation & error handling: | Edge cases & robustness: | Algorithmic efficiency & scalability: | Design & architecture (modularity): | Code quality & documentation:');
INSERT INTO dbo.Exercises (id, subject_id, form_id, title, difficulty, description, requirements, grading_criteria, attached_files, submission_format, example_input, example_output, grading_total, grading_summary) VALUES (N'CS201-3-10', N'CS202', N'1', N'[Khó] Bài 10: Cài đặt thuật toán Tarjan tìm các thành phần liên thông mạnh', N'Dễ', N'Viết chương trình cài đặt thuật toán Tarjan để tìm các thành phần liên thông mạnh trên đồ thị có hướng.', N'["Cài đặt cấu trúc dữ liệu đồ thị hợp lý.","Cài đặt thuật toán Tarjan tối ưu.","Hiển thị kết quả rõ ràng.","Chú thích mã nguồn rõ ràng."]', N'[{"name":"Core correctness (logic)","points":10,"note":"Hoàn toàn đúng cho tập test mở rộng"},{"name":"Input validation & error handling","points":2,"note":"Xử lý mọi trường hợp đầu vào không hợp lệ"},{"name":"Edge cases & robustness","points":2,"note":"Các trường hợp biên phức tạp"},{"name":"Algorithmic efficiency & scalability","points":4,"note":"Độ phức tạp phù hợp và tối ưu cho dữ liệu lớn"},{"name":"Design & architecture (modularity)","points":1,"note":"Thiết kế rõ ràng, dễ mở rộng"},{"name":"Code quality & documentation","points":1,"note":"Mã sạch, có tài liệu/nhận xét hợp lý"}]', N'[]', N'*.cpp hoặc *.py', N'', N'', 20, N'Core correctness (logic): | Input validation & error handling: | Edge cases & robustness: | Algorithmic efficiency & scalability: | Design & architecture (modularity): | Code quality & documentation:');
INSERT INTO dbo.Forms (form_id, subject_id, name, difficulty, exercise_count) VALUES (N'2', N'CS202', N'Ứng dụng', N'Trung bình', 10);
INSERT INTO dbo.Exercises (id, subject_id, form_id, title, difficulty, description, requirements, grading_criteria, attached_files, submission_format, example_input, example_output, grading_total, grading_summary) VALUES (N'CS202-1-1', N'CS202', N'2', N'[Dễ] Bài 1: Tạo lớp SinhVien với thuộc tính và phương thức cơ bản', N'Trung bình', N'Viết chương trình định nghĩa lớp SinhVien gồm các thuộc tính: mã sinh viên, họ tên, điểm trung bình và phương thức nhập, xuất thông tin.', N'["Định nghĩa lớp SinhVien đúng cú pháp.","Cài đặt đầy đủ thuộc tính và phương thức nhập, xuất.","Kiểm tra dữ liệu đầu vào hợp lệ.","Chú thích mã nguồn rõ ràng."]', N'[{"name":"Core correctness (logic)","points":5,"note":"Chạy đúng các trường hợp chính"},{"name":"Input validation","points":1,"note":"Xử lý nhập sai / giới hạn đơn giản"},{"name":"Edge cases & robustness","points":1,"note":"Các trường hợp biên cơ bản"},{"name":"Algorithmic efficiency","points":2,"note":"Không quá kém về độ phức tạp cho dữ liệu nhỏ/ trung bình"},{"name":"Code clarity & comments","points":1,"note":"Mã đọc được, có chú thích cơ bản"}]', N'[]', N'*.cpp hoặc *.py', N'', N'', 10, N'Core correctness (logic): | Input validation: | Edge cases & robustness: | Algorithmic efficiency: | Code clarity & comments:');
INSERT INTO dbo.Exercises (id, subject_id, form_id, title, difficulty, description, requirements, grading_criteria, attached_files, submission_format, example_input, example_output, grading_total, grading_summary) VALUES (N'CS202-1-2', N'CS202', N'2', N'[Dễ] Bài 2: Tạo lớp HinhChuNhat với phương thức tính diện tích và chu vi', N'Trung bình', N'Viết chương trình định nghĩa lớp HinhChuNhat gồm các thuộc tính chiều dài, chiều rộng và phương thức tính diện tích, chu vi.', N'["Định nghĩa lớp HinhChuNhat đúng cú pháp.","Cài đặt đầy đủ thuộc tính và phương thức tính diện tích, chu vi.","Kiểm tra dữ liệu đầu vào hợp lệ.","Chú thích mã nguồn rõ ràng."]', N'[{"name":"Core correctness (logic)","points":5,"note":"Chạy đúng các trường hợp chính"},{"name":"Input validation","points":1,"note":"Xử lý nhập sai / giới hạn đơn giản"},{"name":"Edge cases & robustness","points":1,"note":"Các trường hợp biên cơ bản"},{"name":"Algorithmic efficiency","points":2,"note":"Không quá kém về độ phức tạp cho dữ liệu nhỏ/ trung bình"},{"name":"Code clarity & comments","points":1,"note":"Mã đọc được, có chú thích cơ bản"}]', N'[]', N'*.cpp hoặc *.py', N'', N'', 10, N'Core correctness (logic): | Input validation: | Edge cases & robustness: | Algorithmic efficiency: | Code clarity & comments:');
INSERT INTO dbo.Exercises (id, subject_id, form_id, title, difficulty, description, requirements, grading_criteria, attached_files, submission_format, example_input, example_output, grading_total, grading_summary) VALUES (N'CS202-1-3', N'CS202', N'2', N'[Dễ] Bài 3: Tạo lớp PhanSo với các phương thức cộng, trừ, nhân, chia', N'Trung bình', N'Viết chương trình định nghĩa lớp PhanSo gồm các thuộc tính tử số, mẫu số và các phương thức cộng, trừ, nhân, chia hai phân số.', N'["Định nghĩa lớp PhanSo đúng cú pháp.","Cài đặt đầy đủ thuộc tính và phương thức cộng, trừ, nhân, chia.","Kiểm tra dữ liệu đầu vào hợp lệ.","Chú thích mã nguồn rõ ràng."]', N'[{"name":"Core correctness (logic)","points":5,"note":"Chạy đúng các trường hợp chính"},{"name":"Input validation","points":1,"note":"Xử lý nhập sai / giới hạn đơn giản"},{"name":"Edge cases & robustness","points":1,"note":"Các trường hợp biên cơ bản"},{"name":"Algorithmic efficiency","points":2,"note":"Không quá kém về độ phức tạp cho dữ liệu nhỏ/ trung bình"},{"name":"Code clarity & comments","points":1,"note":"Mã đọc được, có chú thích cơ bản"}]', N'[]', N'*.cpp hoặc *.py', N'', N'', 10, N'Core correctness (logic): | Input validation: | Edge cases & robustness: | Algorithmic efficiency: | Code clarity & comments:');
INSERT INTO dbo.Exercises (id, subject_id, form_id, title, difficulty, description, requirements, grading_criteria, attached_files, submission_format, example_input, example_output, grading_total, grading_summary) VALUES (N'CS202-1-4', N'CS202', N'2', N'[Dễ] Bài 4: Tạo lớp Diem với phương thức nhập, xuất và kiểm tra điểm hợp lệ', N'Trung bình', N'Viết chương trình định nghĩa lớp Diem gồm các thuộc tính x, y và phương thức nhập, xuất, kiểm tra điểm hợp lệ.', N'["Định nghĩa lớp Diem đúng cú pháp.","Cài đặt đầy đủ thuộc tính và phương thức nhập, xuất, kiểm tra hợp lệ.","Kiểm tra dữ liệu đầu vào hợp lệ.","Chú thích mã nguồn rõ ràng."]', N'[{"name":"Core correctness (logic)","points":5,"note":"Chạy đúng các trường hợp chính"},{"name":"Input validation","points":1,"note":"Xử lý nhập sai / giới hạn đơn giản"},{"name":"Edge cases & robustness","points":1,"note":"Các trường hợp biên cơ bản"},{"name":"Algorithmic efficiency","points":2,"note":"Không quá kém về độ phức tạp cho dữ liệu nhỏ/ trung bình"},{"name":"Code clarity & comments","points":1,"note":"Mã đọc được, có chú thích cơ bản"}]', N'[]', N'*.cpp hoặc *.py', N'', N'', 10, N'Core correctness (logic): | Input validation: | Edge cases & robustness: | Algorithmic efficiency: | Code clarity & comments:');
INSERT INTO dbo.Exercises (id, subject_id, form_id, title, difficulty, description, requirements, grading_criteria, attached_files, submission_format, example_input, example_output, grading_total, grading_summary) VALUES (N'CS202-1-5', N'CS202', N'2', N'[Dễ] Bài 5: Tạo lớp HinhTron với phương thức tính diện tích và chu vi', N'Trung bình', N'Viết chương trình định nghĩa lớp HinhTron gồm các thuộc tính bán kính và phương thức tính diện tích, chu vi.', N'["Định nghĩa lớp HinhTron đúng cú pháp.","Cài đặt đầy đủ thuộc tính và phương thức tính diện tích, chu vi.","Kiểm tra dữ liệu đầu vào hợp lệ.","Chú thích mã nguồn rõ ràng."]', N'[{"name":"Core correctness (logic)","points":5,"note":"Chạy đúng các trường hợp chính"},{"name":"Input validation","points":1,"note":"Xử lý nhập sai / giới hạn đơn giản"},{"name":"Edge cases & robustness","points":1,"note":"Các trường hợp biên cơ bản"},{"name":"Algorithmic efficiency","points":2,"note":"Không quá kém về độ phức tạp cho dữ liệu nhỏ/ trung bình"},{"name":"Code clarity & comments","points":1,"note":"Mã đọc được, có chú thích cơ bản"}]', N'[]', N'*.cpp hoặc *.py', N'', N'', 10, N'Core correctness (logic): | Input validation: | Edge cases & robustness: | Algorithmic efficiency: | Code clarity & comments:');
INSERT INTO dbo.Exercises (id, subject_id, form_id, title, difficulty, description, requirements, grading_criteria, attached_files, submission_format, example_input, example_output, grading_total, grading_summary) VALUES (N'CS202-1-6', N'CS202', N'2', N'[Dễ] Bài 6: Tạo lớp MayTinh với phương thức nhập, xuất và tính tổng giá trị linh kiện', N'Trung bình', N'Viết chương trình định nghĩa lớp MayTinh gồm các thuộc tính tên, giá trị linh kiện và phương thức nhập, xuất, tính tổng giá trị linh kiện.', N'["Định nghĩa lớp MayTinh đúng cú pháp.","Cài đặt đầy đủ thuộc tính và phương thức nhập, xuất, tính tổng giá trị linh kiện.","Kiểm tra dữ liệu đầu vào hợp lệ.","Chú thích mã nguồn rõ ràng."]', N'[{"name":"Core correctness (logic)","points":5,"note":"Chạy đúng các trường hợp chính"},{"name":"Input validation","points":1,"note":"Xử lý nhập sai / giới hạn đơn giản"},{"name":"Edge cases & robustness","points":1,"note":"Các trường hợp biên cơ bản"},{"name":"Algorithmic efficiency","points":2,"note":"Không quá kém về độ phức tạp cho dữ liệu nhỏ/ trung bình"},{"name":"Code clarity & comments","points":1,"note":"Mã đọc được, có chú thích cơ bản"}]', N'[]', N'*.cpp hoặc *.py', N'', N'', 10, N'Core correctness (logic): | Input validation: | Edge cases & robustness: | Algorithmic efficiency: | Code clarity & comments:');
INSERT INTO dbo.Exercises (id, subject_id, form_id, title, difficulty, description, requirements, grading_criteria, attached_files, submission_format, example_input, example_output, grading_total, grading_summary) VALUES (N'CS202-1-7', N'CS202', N'2', N'[Dễ] Bài 7: Tạo lớp Sach với phương thức nhập, xuất và kiểm tra năm xuất bản', N'Trung bình', N'Viết chương trình định nghĩa lớp Sach gồm các thuộc tính tên sách, năm xuất bản và phương thức nhập, xuất, kiểm tra năm xuất bản hợp lệ.', N'["Định nghĩa lớp Sach đúng cú pháp.","Cài đặt đầy đủ thuộc tính và phương thức nhập, xuất, kiểm tra hợp lệ.","Kiểm tra dữ liệu đầu vào hợp lệ.","Chú thích mã nguồn rõ ràng."]', N'[{"name":"Core correctness (logic)","points":5,"note":"Chạy đúng các trường hợp chính"},{"name":"Input validation","points":1,"note":"Xử lý nhập sai / giới hạn đơn giản"},{"name":"Edge cases & robustness","points":1,"note":"Các trường hợp biên cơ bản"},{"name":"Algorithmic efficiency","points":2,"note":"Không quá kém về độ phức tạp cho dữ liệu nhỏ/ trung bình"},{"name":"Code clarity & comments","points":1,"note":"Mã đọc được, có chú thích cơ bản"}]', N'[]', N'*.cpp hoặc *.py', N'', N'', 10, N'Core correctness (logic): | Input validation: | Edge cases & robustness: | Algorithmic efficiency: | Code clarity & comments:');
INSERT INTO dbo.Exercises (id, subject_id, form_id, title, difficulty, description, requirements, grading_criteria, attached_files, submission_format, example_input, example_output, grading_total, grading_summary) VALUES (N'CS202-1-8', N'CS202', N'2', N'[Dễ] Bài 8: Tạo lớp NhanVien với phương thức nhập, xuất và tính lương', N'Trung bình', N'Viết chương trình định nghĩa lớp NhanVien gồm các thuộc tính tên, lương cơ bản và phương thức nhập, xuất, tính lương.', N'["Định nghĩa lớp NhanVien đúng cú pháp.","Cài đặt đầy đủ thuộc tính và phương thức nhập, xuất, tính lương.","Kiểm tra dữ liệu đầu vào hợp lệ.","Chú thích mã nguồn rõ ràng."]', N'[{"name":"Core correctness (logic)","points":5,"note":"Chạy đúng các trường hợp chính"},{"name":"Input validation","points":1,"note":"Xử lý nhập sai / giới hạn đơn giản"},{"name":"Edge cases & robustness","points":1,"note":"Các trường hợp biên cơ bản"},{"name":"Algorithmic efficiency","points":2,"note":"Không quá kém về độ phức tạp cho dữ liệu nhỏ/ trung bình"},{"name":"Code clarity & comments","points":1,"note":"Mã đọc được, có chú thích cơ bản"}]', N'[]', N'*.cpp hoặc *.py', N'', N'', 10, N'Core correctness (logic): | Input validation: | Edge cases & robustness: | Algorithmic efficiency: | Code clarity & comments:');
INSERT INTO dbo.Exercises (id, subject_id, form_id, title, difficulty, description, requirements, grading_criteria, attached_files, submission_format, example_input, example_output, grading_total, grading_summary) VALUES (N'CS202-1-9', N'CS202', N'2', N'[Dễ] Bài 9: Tạo lớp Xe với phương thức nhập, xuất và kiểm tra biển số', N'Trung bình', N'Viết chương trình định nghĩa lớp Xe gồm các thuộc tính biển số, loại xe và phương thức nhập, xuất, kiểm tra biển số hợp lệ.', N'["Định nghĩa lớp Xe đúng cú pháp.","Cài đặt đầy đủ thuộc tính và phương thức nhập, xuất, kiểm tra hợp lệ.","Kiểm tra dữ liệu đầu vào hợp lệ.","Chú thích mã nguồn rõ ràng."]', N'[{"name":"Core correctness (logic)","points":5,"note":"Chạy đúng các trường hợp chính"},{"name":"Input validation","points":1,"note":"Xử lý nhập sai / giới hạn đơn giản"},{"name":"Edge cases & robustness","points":1,"note":"Các trường hợp biên cơ bản"},{"name":"Algorithmic efficiency","points":2,"note":"Không quá kém về độ phức tạp cho dữ liệu nhỏ/ trung bình"},{"name":"Code clarity & comments","points":1,"note":"Mã đọc được, có chú thích cơ bản"}]', N'[]', N'*.cpp hoặc *.py', N'', N'', 10, N'Core correctness (logic): | Input validation: | Edge cases & robustness: | Algorithmic efficiency: | Code clarity & comments:');
INSERT INTO dbo.Exercises (id, subject_id, form_id, title, difficulty, description, requirements, grading_criteria, attached_files, submission_format, example_input, example_output, grading_total, grading_summary) VALUES (N'CS202-1-10', N'CS202', N'2', N'[Dễ] Bài 10: Tạo lớp TaiKhoanNganHang với phương thức nhập, xuất và kiểm tra số dư', N'Trung bình', N'Viết chương trình định nghĩa lớp TaiKhoanNganHang gồm các thuộc tính số tài khoản, số dư và phương thức nhập, xuất, kiểm tra số dư hợp lệ.', N'["Định nghĩa lớp TaiKhoanNganHang đúng cú pháp.","Cài đặt đầy đủ thuộc tính và phương thức nhập, xuất, kiểm tra số dư hợp lệ.","Kiểm tra dữ liệu đầu vào hợp lệ.","Chú thích mã nguồn rõ ràng."]', N'[{"name":"Core correctness (logic)","points":5,"note":"Chạy đúng các trường hợp chính"},{"name":"Input validation","points":1,"note":"Xử lý nhập sai / giới hạn đơn giản"},{"name":"Edge cases & robustness","points":1,"note":"Các trường hợp biên cơ bản"},{"name":"Algorithmic efficiency","points":2,"note":"Không quá kém về độ phức tạp cho dữ liệu nhỏ/ trung bình"},{"name":"Code clarity & comments","points":1,"note":"Mã đọc được, có chú thích cơ bản"}]', N'[]', N'*.cpp hoặc *.py', N'', N'', 10, N'Core correctness (logic): | Input validation: | Edge cases & robustness: | Algorithmic efficiency: | Code clarity & comments:');
INSERT INTO dbo.Forms (form_id, subject_id, name, difficulty, exercise_count) VALUES (N'3', N'CS202', N'Nâng cao', N'Khó', 10);
INSERT INTO dbo.Exercises (id, subject_id, form_id, title, difficulty, description, requirements, grading_criteria, attached_files, submission_format, example_input, example_output, grading_total, grading_summary) VALUES (N'CS202-2-1', N'CS202', N'3', N'[Trung bình] Bài 1: Tạo lớp HinhChuNhat kế thừa lớp HinhHoc', N'Khó', N'Viết chương trình định nghĩa lớp HinhChuNhat kế thừa lớp HinhHoc, bổ sung phương thức tính diện tích và chu vi.', N'["Định nghĩa lớp HinhHoc và HinhChuNhat đúng cú pháp.","Cài đặt kế thừa và phương thức tính diện tích, chu vi.","Kiểm tra dữ liệu đầu vào hợp lệ.","Chú thích mã nguồn rõ ràng."]', N'[{"name":"Core correctness (logic)","points":7,"note":"Đúng với đa số test, bao gồm các trường hợp phức hơn"},{"name":"Input validation","points":2,"note":"Xử lý nhập sai/biên độ"},{"name":"Edge cases & robustness","points":2,"note":"Các trường hợp biên và dữ liệu đặc biệt"},{"name":"Algorithmic efficiency","points":3,"note":"Giải pháp có độ phức tạp phù hợp với đề"},{"name":"Design & modularity","points":1,"note":"Hàm/mô-đun tách bạch, tái sử dụng được"}]', N'[]', N'*.cpp hoặc *.py', N'', N'', 15, N'Core correctness (logic): | Input validation: | Edge cases & robustness: | Algorithmic efficiency: | Design & modularity:');
INSERT INTO dbo.Exercises (id, subject_id, form_id, title, difficulty, description, requirements, grading_criteria, attached_files, submission_format, example_input, example_output, grading_total, grading_summary) VALUES (N'CS202-2-2', N'CS202', N'3', N'[Trung bình] Bài 2: Tạo lớp HinhTron kế thừa lớp HinhHoc', N'Khó', N'Viết chương trình định nghĩa lớp HinhTron kế thừa lớp HinhHoc, bổ sung phương thức tính diện tích và chu vi.', N'["Định nghĩa lớp HinhHoc và HinhTron đúng cú pháp.","Cài đặt kế thừa và phương thức tính diện tích, chu vi.","Kiểm tra dữ liệu đầu vào hợp lệ.","Chú thích mã nguồn rõ ràng."]', N'[{"name":"Core correctness (logic)","points":7,"note":"Đúng với đa số test, bao gồm các trường hợp phức hơn"},{"name":"Input validation","points":2,"note":"Xử lý nhập sai/biên độ"},{"name":"Edge cases & robustness","points":2,"note":"Các trường hợp biên và dữ liệu đặc biệt"},{"name":"Algorithmic efficiency","points":3,"note":"Giải pháp có độ phức tạp phù hợp với đề"},{"name":"Design & modularity","points":1,"note":"Hàm/mô-đun tách bạch, tái sử dụng được"}]', N'[]', N'*.cpp hoặc *.py', N'', N'', 15, N'Core correctness (logic): | Input validation: | Edge cases & robustness: | Algorithmic efficiency: | Design & modularity:');
INSERT INTO dbo.Exercises (id, subject_id, form_id, title, difficulty, description, requirements, grading_criteria, attached_files, submission_format, example_input, example_output, grading_total, grading_summary) VALUES (N'CS202-2-3', N'CS202', N'3', N'[Trung bình] Bài 3: Tạo lớp HinhVuong kế thừa lớp HinhChuNhat', N'Khó', N'Viết chương trình định nghĩa lớp HinhVuong kế thừa lớp HinhChuNhat, bổ sung phương thức kiểm tra hình vuông hợp lệ.', N'["Định nghĩa lớp HinhChuNhat và HinhVuong đúng cú pháp.","Cài đặt kế thừa và phương thức kiểm tra hợp lệ.","Kiểm tra dữ liệu đầu vào hợp lệ.","Chú thích mã nguồn rõ ràng."]', N'[{"name":"Core correctness (logic)","points":7,"note":"Đúng với đa số test, bao gồm các trường hợp phức hơn"},{"name":"Input validation","points":2,"note":"Xử lý nhập sai/biên độ"},{"name":"Edge cases & robustness","points":2,"note":"Các trường hợp biên và dữ liệu đặc biệt"},{"name":"Algorithmic efficiency","points":3,"note":"Giải pháp có độ phức tạp phù hợp với đề"},{"name":"Design & modularity","points":1,"note":"Hàm/mô-đun tách bạch, tái sử dụng được"}]', N'[]', N'*.cpp hoặc *.py', N'', N'', 15, N'Core correctness (logic): | Input validation: | Edge cases & robustness: | Algorithmic efficiency: | Design & modularity:');
INSERT INTO dbo.Exercises (id, subject_id, form_id, title, difficulty, description, requirements, grading_criteria, attached_files, submission_format, example_input, example_output, grading_total, grading_summary) VALUES (N'CS202-2-4', N'CS202', N'3', N'[Trung bình] Bài 4: Tạo lớp PhanSo kế thừa lớp SoHoc', N'Khó', N'Viết chương trình định nghĩa lớp PhanSo kế thừa lớp SoHoc, bổ sung phương thức rút gọn phân số.', N'["Định nghĩa lớp SoHoc và PhanSo đúng cú pháp.","Cài đặt kế thừa và phương thức rút gọn phân số.","Kiểm tra dữ liệu đầu vào hợp lệ.","Chú thích mã nguồn rõ ràng."]', N'[{"name":"Core correctness (logic)","points":7,"note":"Đúng với đa số test, bao gồm các trường hợp phức hơn"},{"name":"Input validation","points":2,"note":"Xử lý nhập sai/biên độ"},{"name":"Edge cases & robustness","points":2,"note":"Các trường hợp biên và dữ liệu đặc biệt"},{"name":"Algorithmic efficiency","points":3,"note":"Giải pháp có độ phức tạp phù hợp với đề"},{"name":"Design & modularity","points":1,"note":"Hàm/mô-đun tách bạch, tái sử dụng được"}]', N'[]', N'*.cpp hoặc *.py', N'', N'', 15, N'Core correctness (logic): | Input validation: | Edge cases & robustness: | Algorithmic efficiency: | Design & modularity:');
INSERT INTO dbo.Exercises (id, subject_id, form_id, title, difficulty, description, requirements, grading_criteria, attached_files, submission_format, example_input, example_output, grading_total, grading_summary) VALUES (N'CS202-2-5', N'CS202', N'3', N'[Trung bình] Bài 5: Tạo lớp NhanVien kế thừa lớp ConNguoi', N'Khó', N'Viết chương trình định nghĩa lớp NhanVien kế thừa lớp ConNguoi, bổ sung phương thức tính lương.', N'["Định nghĩa lớp ConNguoi và NhanVien đúng cú pháp.","Cài đặt kế thừa và phương thức tính lương.","Kiểm tra dữ liệu đầu vào hợp lệ.","Chú thích mã nguồn rõ ràng."]', N'[{"name":"Core correctness (logic)","points":7,"note":"Đúng với đa số test, bao gồm các trường hợp phức hơn"},{"name":"Input validation","points":2,"note":"Xử lý nhập sai/biên độ"},{"name":"Edge cases & robustness","points":2,"note":"Các trường hợp biên và dữ liệu đặc biệt"},{"name":"Algorithmic efficiency","points":3,"note":"Giải pháp có độ phức tạp phù hợp với đề"},{"name":"Design & modularity","points":1,"note":"Hàm/mô-đun tách bạch, tái sử dụng được"}]', N'[]', N'*.cpp hoặc *.py', N'', N'', 15, N'Core correctness (logic): | Input validation: | Edge cases & robustness: | Algorithmic efficiency: | Design & modularity:');
INSERT INTO dbo.Exercises (id, subject_id, form_id, title, difficulty, description, requirements, grading_criteria, attached_files, submission_format, example_input, example_output, grading_total, grading_summary) VALUES (N'CS202-2-6', N'CS202', N'3', N'[Trung bình] Bài 6: Tạo lớp Sach kế thừa lớp TaiSan', N'Khó', N'Viết chương trình định nghĩa lớp Sach kế thừa lớp TaiSan, bổ sung phương thức kiểm tra năm xuất bản hợp lệ.', N'["Định nghĩa lớp TaiSan và Sach đúng cú pháp.","Cài đặt kế thừa và phương thức kiểm tra hợp lệ.","Kiểm tra dữ liệu đầu vào hợp lệ.","Chú thích mã nguồn rõ ràng."]', N'[{"name":"Core correctness (logic)","points":7,"note":"Đúng với đa số test, bao gồm các trường hợp phức hơn"},{"name":"Input validation","points":2,"note":"Xử lý nhập sai/biên độ"},{"name":"Edge cases & robustness","points":2,"note":"Các trường hợp biên và dữ liệu đặc biệt"},{"name":"Algorithmic efficiency","points":3,"note":"Giải pháp có độ phức tạp phù hợp với đề"},{"name":"Design & modularity","points":1,"note":"Hàm/mô-đun tách bạch, tái sử dụng được"}]', N'[]', N'*.cpp hoặc *.py', N'', N'', 15, N'Core correctness (logic): | Input validation: | Edge cases & robustness: | Algorithmic efficiency: | Design & modularity:');
INSERT INTO dbo.Exercises (id, subject_id, form_id, title, difficulty, description, requirements, grading_criteria, attached_files, submission_format, example_input, example_output, grading_total, grading_summary) VALUES (N'CS202-2-7', N'CS202', N'3', N'[Trung bình] Bài 7: Tạo lớp Xe kế thừa lớp PhuongTien', N'Khó', N'Viết chương trình định nghĩa lớp Xe kế thừa lớp PhuongTien, bổ sung phương thức kiểm tra biển số hợp lệ.', N'["Định nghĩa lớp PhuongTien và Xe đúng cú pháp.","Cài đặt kế thừa và phương thức kiểm tra hợp lệ.","Kiểm tra dữ liệu đầu vào hợp lệ.","Chú thích mã nguồn rõ ràng."]', N'[{"name":"Core correctness (logic)","points":7,"note":"Đúng với đa số test, bao gồm các trường hợp phức hơn"},{"name":"Input validation","points":2,"note":"Xử lý nhập sai/biên độ"},{"name":"Edge cases & robustness","points":2,"note":"Các trường hợp biên và dữ liệu đặc biệt"},{"name":"Algorithmic efficiency","points":3,"note":"Giải pháp có độ phức tạp phù hợp với đề"},{"name":"Design & modularity","points":1,"note":"Hàm/mô-đun tách bạch, tái sử dụng được"}]', N'[]', N'*.cpp hoặc *.py', N'', N'', 15, N'Core correctness (logic): | Input validation: | Edge cases & robustness: | Algorithmic efficiency: | Design & modularity:');
INSERT INTO dbo.Exercises (id, subject_id, form_id, title, difficulty, description, requirements, grading_criteria, attached_files, submission_format, example_input, example_output, grading_total, grading_summary) VALUES (N'CS202-2-8', N'CS202', N'3', N'[Trung bình] Bài 8: Tạo lớp TaiKhoanNganHang kế thừa lớp TaiSan', N'Khó', N'Viết chương trình định nghĩa lớp TaiKhoanNganHang kế thừa lớp TaiSan, bổ sung phương thức kiểm tra số dư hợp lệ.', N'["Định nghĩa lớp TaiSan và TaiKhoanNganHang đúng cú pháp.","Cài đặt kế thừa và phương thức kiểm tra hợp lệ.","Kiểm tra dữ liệu đầu vào hợp lệ.","Chú thích mã nguồn rõ ràng."]', N'[{"name":"Core correctness (logic)","points":7,"note":"Đúng với đa số test, bao gồm các trường hợp phức hơn"},{"name":"Input validation","points":2,"note":"Xử lý nhập sai/biên độ"},{"name":"Edge cases & robustness","points":2,"note":"Các trường hợp biên và dữ liệu đặc biệt"},{"name":"Algorithmic efficiency","points":3,"note":"Giải pháp có độ phức tạp phù hợp với đề"},{"name":"Design & modularity","points":1,"note":"Hàm/mô-đun tách bạch, tái sử dụng được"}]', N'[]', N'*.cpp hoặc *.py', N'', N'', 15, N'Core correctness (logic): | Input validation: | Edge cases & robustness: | Algorithmic efficiency: | Design & modularity:');
INSERT INTO dbo.Exercises (id, subject_id, form_id, title, difficulty, description, requirements, grading_criteria, attached_files, submission_format, example_input, example_output, grading_total, grading_summary) VALUES (N'CS202-2-9', N'CS202', N'3', N'[Trung bình] Bài 9: Tạo lớp MayTinh kế thừa lớp TaiSan', N'Khó', N'Viết chương trình định nghĩa lớp MayTinh kế thừa lớp TaiSan, bổ sung phương thức tính tổng giá trị linh kiện.', N'["Định nghĩa lớp TaiSan và MayTinh đúng cú pháp.","Cài đặt kế thừa và phương thức tính tổng giá trị linh kiện.","Kiểm tra dữ liệu đầu vào hợp lệ.","Chú thích mã nguồn rõ ràng."]', N'[{"name":"Core correctness (logic)","points":7,"note":"Đúng với đa số test, bao gồm các trường hợp phức hơn"},{"name":"Input validation","points":2,"note":"Xử lý nhập sai/biên độ"},{"name":"Edge cases & robustness","points":2,"note":"Các trường hợp biên và dữ liệu đặc biệt"},{"name":"Algorithmic efficiency","points":3,"note":"Giải pháp có độ phức tạp phù hợp với đề"},{"name":"Design & modularity","points":1,"note":"Hàm/mô-đun tách bạch, tái sử dụng được"}]', N'[]', N'*.cpp hoặc *.py', N'', N'', 15, N'Core correctness (logic): | Input validation: | Edge cases & robustness: | Algorithmic efficiency: | Design & modularity:');
INSERT INTO dbo.Exercises (id, subject_id, form_id, title, difficulty, description, requirements, grading_criteria, attached_files, submission_format, example_input, example_output, grading_total, grading_summary) VALUES (N'CS202-2-10', N'CS202', N'3', N'[Trung bình] Bài 10: Tạo lớp Diem kế thừa lớp HinhHoc', N'Khó', N'Viết chương trình định nghĩa lớp Diem kế thừa lớp HinhHoc, bổ sung phương thức kiểm tra điểm hợp lệ.', N'["Định nghĩa lớp HinhHoc và Diem đúng cú pháp.","Cài đặt kế thừa và phương thức kiểm tra hợp lệ.","Kiểm tra dữ liệu đầu vào hợp lệ.","Chú thích mã nguồn rõ ràng."]', N'[{"name":"Core correctness (logic)","points":7,"note":"Đúng với đa số test, bao gồm các trường hợp phức hơn"},{"name":"Input validation","points":2,"note":"Xử lý nhập sai/biên độ"},{"name":"Edge cases & robustness","points":2,"note":"Các trường hợp biên và dữ liệu đặc biệt"},{"name":"Algorithmic efficiency","points":3,"note":"Giải pháp có độ phức tạp phù hợp với đề"},{"name":"Design & modularity","points":1,"note":"Hàm/mô-đun tách bạch, tái sử dụng được"}]', N'[]', N'*.cpp hoặc *.py', N'', N'', 15, N'Core correctness (logic): | Input validation: | Edge cases & robustness: | Algorithmic efficiency: | Design & modularity:');

PRINT N'Migration script generated.';
